"Дата"	"Сумма"	"Валюта"	"Счет"	"Статья"	"Группа статей"	"Комментарий"
"2026.05.22"	-120		"Мои деньги"	"Еда"	""	""
"2026.05.22"	-3000		"Мои деньги"	"Спорт"	""	""
"2026.05.22"	-600		"Мои деньги"	"Спорт"	""	""
"2026.05.22"	-1800		"Мои деньги"	"Спорт"	""	""
"2026.05.22"	-1668		"Мои деньги"	"Еда"	""	""
"2026.05.22"	-186		"Мои деньги"	"Продукты"	""	""
"2026.05.20"	-76266		"Мои деньги"	"Жилье"	""	""
"2026.05.20"	-10720		"Мои деньги"	"Продукты"	""	""
"2026.05.20"	-14050		"Мои деньги"	"Здоровье"	""	"Линзы"
"2026.05.20"	-22911		"Мои деньги"	"Коммуналка"	""	""
"2026.05.20"	-124		"Мои деньги"	"Продукты"	""	""
"2026.05.19"	-3000		"Мои деньги"	"Спорт"	""	""
"2026.05.19"	-1133		"Мои деньги"	"Продукты"	""	""
"2026.05.18"	-3000		"Мои деньги"	"Спорт"	""	""
"2026.05.18"	-9000		"Мои деньги"	"Досуг"	""	"Массаж"
"2026.05.18"	-538		"Мои деньги"	"Продукты"	""	""
"2026.05.16"	-1500		"Мои деньги"	"Спорт"	""	""
"2026.05.16"	-5390		"Мои деньги"	"Спорт"	""	""
"2026.05.16"	-1860		"Мои деньги"	"Еда"	""	""
"2026.05.16"	-1467		"Мои деньги"	"Еда"	""	""
"2026.05.16"	-1414		"Мои деньги"	"Еда"	""	""
"2026.05.16"	-1670		"Мои деньги"	"Продукты"	""	""
"2026.05.16"	-924		"Мои деньги"	"Продукты"	""	""
"2026.05.16"	-1345		"Мои деньги"	"Еда"	""	""
"2026.05.15"	-1800		"Мои деньги"	"Спорт"	""	""
"2026.05.13"	-1414		"Мои деньги"	"Еда"	""	""
"2026.05.13"	-1467		"Мои деньги"	"Еда"	""	""
"2026.05.12"	-1126		"Мои деньги"	"Еда"	""	""
"2026.05.11"	-1419		"Мои деньги"	"Еда"	""	""
"2026.05.11"	-13367		"Мои деньги"	"Красота"	""	""
"2026.05.11"	-485		"Мои деньги"	"Досуг"	""	""
"2026.05.10"	-2936		"Мои деньги"	"Продукты"	""	""
"2026.05.10"	-1190		"Мои деньги"	"Досуг"	""	""
"2026.05.10"	-523112		"Мои деньги"	"Техника"	""	""
"2026.05.10"	-2639		"Мои деньги"	"Еда"	""	""
"2026.05.10"	-9000		"Мои деньги"	"Досуг"	""	""
"2026.05.10"	-3880		"Мои деньги"	"Досуг"	""	""
"2026.05.10"	-265		"Мои деньги"	"Досуг"	""	""
"2026.05.10"	-1605		"Мои деньги"	"Еда"	""	""
"2026.05.09"	-3292		"Мои деньги"	"Здоровье"	""	""
"2026.05.09"	-2639		"Мои деньги"	"Еда"	""	""
"2026.05.08"	-10828		"Мои деньги"	"Связь и подписки"	""	"Клод"
"2026.05.08"	-1190		"Мои деньги"	"Продукты"	""	""
"2026.05.08"	-2936		"Мои деньги"	"Продукты"	""	""
"2026.05.06"	-200		"Мои деньги"	"Досуг"	""	""
"2026.05.06"	-580		"Мои деньги"	"Досуг"	""	""
"2026.05.06"	-500		"Мои деньги"	"Досуг"	""	""
"2026.05.06"	-1990		"Мои деньги"	"Еда"	""	""
"2026.05.06"	-178		"Мои деньги"	"Досуг"	""	""
"2026.05.06"	-999		"Мои деньги"	"Связь и подписки"	""	"Етель"
"2026.05.06"	-924		"Мои деньги"	"Продукты"	""	""
"2026.05.05"	-1592		"Мои деньги"	"Коммуналка"	""	""
"2026.05.04"	-7288		"Мои деньги"	"Продукты"	""	""
"2026.05.04"	-1100		"Мои деньги"	"Еда"	""	""
"2026.05.03"	-420		"Мои деньги"	"Продукты"	""	""
"2026.05.03"	-1800		"Мои деньги"	"Спорт"	""	""
"2026.05.03"	-1440		"Мои деньги"	"Досуг"	""	""
"2026.05.03"	-1200		"Мои деньги"	"Досуг"	""	""
"2026.05.03"	-500		"Мои деньги"	"Еда"	""	""
"2026.05.03"	-2000		"Мои деньги"	"Спорт"	""	""
"2026.05.03"	-950		"Мои деньги"	"Транспорт"	""	""
"2026.05.03"	-2380		"Мои деньги"	"Досуг"	""	""
"2026.05.03"	-610		"Мои деньги"	"Досуг"	""	""
"2026.05.03"	-880		"Мои деньги"	"Досуг"	""	""
"2026.05.03"	-2125		"Мои деньги"	"Здоровье"	""	""
"2026.05.03"	-1605		"Мои деньги"	"Еда"	""	""
"2026.05.03"	-6400		"Мои деньги"	"Досуг"	""	"Ресторан"
"2026.05.01"	-2000		"Мои деньги"	"Спорт"	""	"Корт"
"2026.04.30"	-694		"Мои деньги"	"Продукты"	""	""
"2026.04.30"	-1287		"Мои деньги"	"Еда"	""	""
"2026.04.30"	-1694		"Мои деньги"	"Еда"	""	""
"2026.04.27"	-512		"Мои деньги"	"Продукты"	""	""
"2026.04.26"	-2150		"Мои деньги"	"Еда"	""	""
"2026.04.26"	-1483		"Мои деньги"	"Досуг"	""	""
"2026.04.25"	-3500		"Мои деньги"	"Спорт"	""	"Корты"
"2026.04.25"	-270		"Мои деньги"	"Досуг"	""	""
"2026.04.25"	-3000		"Мои деньги"	"Спорт"	""	"Турнир"
"2026.04.23"	-11233		"Мои деньги"	"Продукты"	""	""
"2026.04.23"	-924		"Мои деньги"	"Продукты"	""	""
"2026.04.23"	-586		"Мои деньги"	"Спорт"	""	"Комисси турнир"
"2026.04.21"	-660		"Мои деньги"	"Продукты"	""	""
"2026.04.21"	-480		"Мои деньги"	"Досуг"	""	""
"2026.04.21"	-1566		"Мои деньги"	"Красота"	""	""
"2026.04.19"	-382		"Мои деньги"	"Транспорт"	""	""
"2026.04.19"	-661		"Мои деньги"	"Транспорт"	""	"Такси"
"2026.04.19"	-1300		"Мои деньги"	"Спорт"	""	"Корт"
"2026.04.19"	-382		"Мои деньги"	"Транспорт"	""	""
"2026.04.18"	-700		"Мои деньги"	"Транспорт"	""	"Такси"
"2026.04.18"	-3000		"Мои деньги"	"Спорт"	""	"Турнир"
"2026.04.17"	-584		"Мои деньги"	"Спорт"	""	"Сервисный сбор"
"2026.04.17"	-1769		"Мои деньги"	"Продукты"	""	""
"2026.04.17"	-3601		"Мои деньги"	"Продукты"	""	""
"2026.04.17"	-3000		"Мои деньги"	"Спорт"	""	"Турнир"
"2026.04.16"	-10750		"Мои деньги"	"Коммуналка"	""	""
"2026.04.13"	-1308		"Мои деньги"	"Продукты"	""	""
"2026.04.13"	-3600		"Мои деньги"	"Спорт"	""	"Корт"
"2026.04.11"	-3582		"Мои деньги"	"Транспорт"	""	"Такс"
"2026.04.11"	-3775		"Мои деньги"	"Красота"	""	"Барбер"
"2026.04.11"	-7572		"Мои деньги"	"Продукты"	""	""
"2026.04.11"	-76476		"Мои деньги"	"Жилье"	""	""
"2026.04.11"	-1744		"Мои деньги"	"Дом"	""	""
"2026.04.11"	-6723		"Мои деньги"	"Продукты"	""	""
"2026.04.11"	-46997		"Мои деньги"	"Техника"	""	""
"2026.04.11"	-202		"Мои деньги"	"Продукты"	""	""
"2026.04.11"	-2500		"Мои деньги"	"Спорт"	""	"Турнир"
"2026.04.11"	-1200		"Мои деньги"	"Еда"	""	""
"2026.04.10"	-999		"Мои деньги"	"Связь и подписки"	""	"Етель"
"2026.04.10"	-1022		"Мои деньги"	"Еда"	""	""
"2026.04.10"	-227		"Мои деньги"	"Досуг"	""	""
"2026.04.10"	-919		"Мои деньги"	"Еда"	""	""
"2026.04.10"	-800		"Мои деньги"	"Еда"	""	""
"2026.04.09"	-1800		"Мои деньги"	"Спорт"	""	""
"2026.04.08"	-972		"Мои деньги"	"Продукты"	""	""
"2026.04.08"	-1642		"Мои деньги"	"Продукты"	""	""
"2026.04.08"	-1390		"Мои деньги"	"Еда"	""	""
"2026.04.06"	-1560		"Мои деньги"	"Еда"	""	""
"2026.04.06"	-13481		"Мои деньги"	"Продукты"	""	""
"2026.04.05"	-22067		"Мои деньги"	"Продукты"	""	""
"2026.04.05"	-463		"Мои деньги"	"Продукты"	""	""
"2026.04.05"	-1265		"Мои деньги"	"Продукты"	""	""
"2026.04.05"	-1450		"Мои деньги"	"Еда"	""	""
"2026.04.05"	-1030		"Мои деньги"	"Досуг"	""	"Бильярд"
"2026.04.05"	-450		"Мои деньги"	"Досуг"	""	"Жетоны"
"2026.04.05"	-1800		"Мои деньги"	"Спорт"	""	"Корт"
"2026.04.05"	-2300		"Мои деньги"	"Еда"	""	""
"2026.03.31"	-1029		"Мои деньги"	"Еда"	""	""
"2026.03.31"	-198		"Мои деньги"	"Продукты"	""	""
"2026.03.31"	-514		"Мои деньги"	"Продукты"	""	""
"2026.03.31"	-977		"Мои деньги"	"Еда"	""	""
"2026.03.31"	-1629		"Мои деньги"	"Еда"	""	""
"2026.03.31"	-1029		"Мои деньги"	"Еда"	""	""
"2026.03.31"	-1800		"Мои деньги"	"Спорт"	""	"Корт"
"2026.03.31"	-1800		"Мои деньги"	"Спорт"	""	"Корт"
"2026.03.31"	-3742		"Мои деньги"	"Связь и подписки"	""	"Телеграмм премиум"
"2026.03.31"	-7486		"Мои деньги"	"Связь и подписки"	""	"Мтс"
"2026.03.29"	-785		"Мои деньги"	"Транспорт"	""	"Такси"
"2026.03.29"	-790		"Мои деньги"	"Еда"	""	""
"2026.03.29"	-1013		"Мои деньги"	"Еда"	""	""
"2026.03.29"	-972		"Мои деньги"	"Продукты"	""	""
"2026.03.29"	-1328		"Мои деньги"	"Еда"	""	""
"2026.03.29"	-2000		"Мои деньги"	"Досуг"	""	"Бильярд"
"2026.03.27"	-28200		"Мои деньги"	"Спорт"	""	"Зал"
"2026.03.26"	-1500		"Мои деньги"	"Связь и подписки"	""	"Стекло"
"2026.03.26"	-8196		"Мои деньги"	"Коммуналка"	""	""
"2026.03.26"	-1383		"Мои деньги"	"Еда"	""	""
"2026.03.26"	-1053		"Мои деньги"	"Еда"	""	""
"2026.03.26"	-10025		"Мои деньги"	"Спорт"	""	"Спорт пит"
"2026.03.25"	-1290		"Мои деньги"	"Еда"	""	""
"2026.03.25"	-1440		"Мои деньги"	"Еда"	""	""
"2026.03.25"	-6600		"Мои деньги"	"Продукты"	""	""
"2026.03.25"	-1274		"Мои деньги"	"Еда"	""	""
"2026.03.24"	-1274		"Мои деньги"	"Еда"	""	""
"2026.03.24"	-1214		"Мои деньги"	"Еда"	""	""
"2026.03.24"	-1096		"Мои деньги"	"Еда"	""	""
"2026.03.24"	-917		"Мои деньги"	"Еда"	""	""
"2026.03.24"	-1169		"Мои деньги"	"Еда"	""	""
"2026.03.23"	-3000		"Мои деньги"	"Транспорт"	""	"Такси"
"2026.03.19"	-1368		"Мои деньги"	"Еда"	""	""
"2026.03.19"	-1537		"Мои деньги"	"Красота"	""	""
"2026.03.19"	-2450		"Мои деньги"	"Транспорт"	""	"Такси"
"2026.03.18"	-3568		"Мои деньги"	"Досуг"	""	""
"2026.03.18"	-14780		"Мои деньги"	"Одежда"	""	""
"2026.03.18"	-8500		"Мои деньги"	"Одежда"	""	""
"2026.03.18"	-1419		"Мои деньги"	"Еда"	""	""
"2026.03.18"	-390		"Мои деньги"	"Досуг"	""	""
"2026.03.18"	-1135		"Мои деньги"	"Еда"	""	""
"2026.03.18"	-1100		"Мои деньги"	"Продукты"	""	""
"2026.03.18"	-8156		"Мои деньги"	"Коммуналка"	""	""
"2026.03.18"	-972		"Мои деньги"	"Еда"	""	""
"2026.03.18"	-1540		"Мои деньги"	"Здоровье"	""	""
"2026.03.18"	-1540		"Мои деньги"	"Еда"	""	""
"2026.03.18"	-2597		"Мои деньги"	"Досуг"	""	""
"2026.03.16"	-1124		"Мои деньги"	"Еда"	""	""
"2026.03.16"	-976		"Мои деньги"	"Еда"	""	""
"2026.03.16"	-9000		"Мои деньги"	"Досуг"	""	"Рестик"
"2026.03.16"	-1200		"Мои деньги"	"Транспорт"	""	"Такси"
"2026.03.16"	-2760		"Мои деньги"	"Досуг"	""	""
"2026.03.16"	-799		"Мои деньги"	"Досуг"	""	""
"2026.03.16"	-1100		"Мои деньги"	"Еда"	""	""
"2026.03.16"	-1040		"Мои деньги"	"Еда"	""	""
"2026.03.16"	-1090		"Мои деньги"	"Еда"	""	""
"2026.03.14"	-390		"Мои деньги"	"Досуг"	""	""
"2026.03.14"	-1560		"Мои деньги"	"Еда"	""	""
"2026.03.14"	-1523		"Мои деньги"	"Еда"	""	""
"2026.03.14"	-75570		"Мои деньги"	"Жилье"	""	""
"2026.03.13"	-1450		"Мои деньги"	"Еда"	""	""
"2026.03.13"	-1200		"Мои деньги"	"Транспорт"	""	"Такси"
"2026.03.12"	-1230		"Мои деньги"	"Досуг"	""	""
"2026.03.12"	-3540		"Мои деньги"	"Досуг"	""	"Боулинг"
"2026.03.12"	-940		"Мои деньги"	"Досуг"	""	""
"2026.03.12"	-523		"Мои деньги"	"Транспорт"	""	""
"2026.03.12"	-1500		"Мои деньги"	"Транспорт"	""	"Такси"
"2026.03.12"	-1150		"Мои деньги"	"Еда"	""	""
"2026.03.12"	-523		"Мои деньги"	"Транспорт"	""	""
"2026.03.12"	-740		"Мои деньги"	"Транспорт"	""	"Такси"
"2026.03.11"	-2312		"Мои деньги"	"Еда"	""	""
"2026.03.11"	-799		"Мои деньги"	"Досуг"	""	""
"2026.03.11"	-1084		"Мои деньги"	"Продукты"	""	""
"2026.03.10"	-3000		"Мои деньги"	"Спорт"	""	"Турнир"
"2026.03.10"	-2600		"Мои деньги"	"Спорт"	""	"Корт"
"2026.03.10"	-1125		"Мои деньги"	"Еда"	""	""
"2026.03.10"	-1629		"Мои деньги"	"Еда"	""	""
"2026.03.09"	-799		"Мои деньги"	"Досуг"	""	""
"2026.03.09"	-1800		"Мои деньги"	"Еда"	""	""
"2026.03.09"	-3600		"Мои деньги"	"Досуг"	""	"Картинг"
"2026.03.09"	-210		"Мои деньги"	"Продукты"	""	""
"2026.03.09"	-3000		"Мои деньги"	"Спорт"	""	"Турнир"
"2026.03.09"	-1287		"Мои деньги"	"Еда"	""	""
"2026.03.09"	-99		"Мои деньги"	"Досуг"	""	""
"2026.03.08"	-2000		"Мои деньги"	"Спорт"	""	"Корт"
"2026.03.08"	-1090		"Мои деньги"	"Еда"	""	""
"2026.03.08"	-2590		"Мои деньги"	"Еда"	""	""
"2026.03.08"	-2025		"Мои деньги"	"Еда"	""	""
"2026.03.08"	-1670		"Мои деньги"	"Еда"	""	""
"2026.03.08"	-2000		"Мои деньги"	"Спорт"	""	"Корт"
"2026.03.08"	-170		"Мои деньги"	"Досуг"	""	""
"2026.03.07"	-1000		"Мои деньги"	"Чаевые"	""	"Стрижка"
"2026.03.07"	-2600		"Мои деньги"	"Красота"	""	"Стрижка"
"2026.03.07"	-999		"Мои деньги"	"Связь и подписки"	""	"Етель"
"2026.03.07"	-1800		"Мои деньги"	"Спорт"	""	"Корт"
"2026.03.07"	-99		"Мои деньги"	"Досуг"	""	""
"2026.03.07"	-2026		"Мои деньги"	"Еда"	""	""
"2026.03.07"	-800		"Мои деньги"	"Досуг"	""	""
"2026.03.06"	-800		"Мои деньги"	"Досуг"	""	""
"2026.03.06"	-297		"Мои деньги"	"Досуг"	""	""
"2026.03.05"	-1671		"Мои деньги"	"Еда"	""	""
"2026.03.04"	-6931		"Мои деньги"	"Продукты"	""	""
"2026.03.04"	-1090		"Мои деньги"	"Еда"	""	""
"2026.03.04"	-1629		"Мои деньги"	"Еда"	""	""
"2026.03.04"	-519		"Мои деньги"	"Еда"	""	""
"2026.03.04"	-1189		"Мои деньги"	"Еда"	""	""
"2026.03.04"	-949		"Мои деньги"	"Еда"	""	""
"2026.03.04"	-1644		"Мои деньги"	"Еда"	""	""
"2026.02.28"	-19251		"Мои деньги"	"Подарки"	""	"Мама"
"2026.02.24"	-1608		"Мои деньги"	"Еда"	""	""
"2026.02.23"	-1221		"Мои деньги"	"Еда"	""	""
"2026.02.23"	-100		"Мои деньги"	"Чаевые"	""	"Рестик"
"2026.02.23"	-1560		"Мои деньги"	"Еда"	""	""
"2026.02.23"	-2500		"Мои деньги"	"Спорт"	""	"Турнир"
"2026.02.23"	-1800		"Мои деньги"	"Спорт"	""	"Корт"
"2026.02.23"	-2250		"Мои деньги"	"Спорт"	""	"Корт"
"2026.02.23"	-900		"Мои деньги"	"Досуг"	""	""
"2026.02.23"	-3414		"Мои деньги"	"Еда"	""	""
"2026.02.23"	-2050		"Мои деньги"	"Досуг"	""	""
"2026.02.23"	-1072		"Мои деньги"	"Еда"	""	""
"2026.02.23"	-611		"Мои деньги"	"Здоровье"	""	""
"2026.02.23"	-972		"Мои деньги"	"Продукты"	""	""
"2026.02.23"	-159		"Мои деньги"	"Досуг"	""	""
"2026.02.23"	-1844		"Мои деньги"	"Еда"	""	""
"2026.02.23"	-1221		"Мои деньги"	"Еда"	""	""
"2026.02.23"	-1560		"Мои деньги"	"Еда"	""	""
"2026.02.22"	-1845		"Мои деньги"	"Еда"	""	""
"2026.02.20"	-1713		"Мои деньги"	"Еда"	""	""
"2026.02.20"	-41		"Мои деньги"	"Продукты"	""	""
"2026.02.19"	-1834		"Мои деньги"	"Продукты"	""	""
"2026.02.19"	-723		"Мои деньги"	"Продукты"	""	""
"2026.02.19"	-1222		"Мои деньги"	"Продукты"	""	""
"2026.02.19"	-600		"Мои деньги"	"Спорт"	""	"Турнир"
"2026.02.19"	-949		"Мои деньги"	"Еда"	""	""
"2026.02.19"	-1293		"Мои деньги"	"Связь и подписки"	""	"МТС"
"2026.02.18"	-75914		"Мои деньги"	"Жилье"	""	""
"2026.02.18"	-18539		"Мои деньги"	"Жилье"	""	"Отель"
"2026.02.18"	-949		"Мои деньги"	"Еда"	""	""
"2026.02.18"	-24194		"Мои деньги"	"Транспорт"	""	"Билеты самолет Турция"
"2026.02.18"	-1461		"Мои деньги"	"Еда"	""	""
"2026.02.18"	-804		"Мои деньги"	"Еда"	""	""
"2026.02.18"	-7511		"Мои деньги"	"Продукты"	""	""
"2026.02.17"	-2585		"Мои деньги"	"Еда"	""	""
"2026.02.16"	-390		"Мои деньги"	"Досуг"	""	""
"2026.02.16"	-1220		"Мои деньги"	"Досуг"	""	""
"2026.02.16"	-4900		"Мои деньги"	"Досуг"	""	""
"2026.02.16"	-1261		"Мои деньги"	"Еда"	""	""
"2026.02.16"	-2220		"Мои деньги"	"Досуг"	""	""
"2026.02.15"	-1040		"Мои деньги"	"Еда"	""	""
"2026.02.15"	-1375		"Мои деньги"	"Транспорт"	""	"Такси"
"2026.02.15"	-2969		"Мои деньги"	"Одежда"	""	"Футболка"
"2026.02.15"	-2528		"Мои деньги"	"Одежда"	""	"Кепка"
"2026.02.15"	-6990		"Мои деньги"	"Техника"	""	"Фен"
"2026.02.15"	-1124		"Мои деньги"	"Еда"	""	""
"2026.02.15"	-1445		"Мои деньги"	"Связь и подписки"	""	""
"2026.02.15"	-10000		"Мои деньги"	"Еда"	""	""
"2026.02.14"	-799		"Мои деньги"	"Досуг"	""	""
"2026.02.14"	-1375		"Мои деньги"	"Еда"	""	""
"2026.02.14"	-1190		"Мои деньги"	"Здоровье"	""	"Капли глазные"
"2026.02.14"	-800		"Мои деньги"	"Досуг"	""	""
"2026.02.14"	-1124		"Мои деньги"	"Еда"	""	""
"2026.02.13"	-1000		"Мои деньги"	"Транспорт"	""	"Такси"
"2026.02.13"	-1356		"Мои деньги"	"Еда"	""	""
"2026.02.13"	-1100		"Мои деньги"	"Транспорт"	""	"Такси"
"2026.02.12"	-1420		"Мои деньги"	"Спорт"	""	"Корт"
"2026.02.12"	-818		"Мои деньги"	"Еда"	""	""
"2026.02.12"	-1300		"Мои деньги"	"Еда"	""	""
"2026.02.12"	-790		"Мои деньги"	"Досуг"	""	""
"2026.02.11"	-949		"Мои деньги"	"Еда"	""	""
"2026.02.11"	-888		"Мои деньги"	"Продукты"	""	""
"2026.02.10"	-1800		"Мои деньги"	"Спорт"	""	"Корт"
"2026.02.10"	-1072		"Мои деньги"	"Еда"	""	""
"2026.02.10"	-949		"Мои деньги"	"Еда"	""	""
"2026.02.10"	-5981		"Мои деньги"	"Здоровье"	""	"Магний"
"2026.02.10"	-1018		"Мои деньги"	"Еда"	""	""
"2026.02.09"	-932		"Мои деньги"	"Еда"	""	""
"2026.02.09"	-1028		"Мои деньги"	"Еда"	""	""
"2026.02.09"	-160		"Мои деньги"	"Досуг"	""	""
"2026.02.09"	-1397		"Мои деньги"	"Еда"	""	""
"2026.02.09"	-4495		"Мои деньги"	"Дом"	""	""
"2026.02.07"	-2250		"Мои деньги"	"Спорт"	""	"Корт"
"2026.02.07"	-400		"Мои деньги"	"Еда"	""	""
"2026.02.07"	-1420		"Мои деньги"	"Еда"	""	""
"2026.02.06"	-3300		"Мои деньги"	"Спорт"	""	"Корт"
"2026.02.06"	-430		"Мои деньги"	"Досуг"	""	""
"2026.02.06"	-198		"Мои деньги"	"Продукты"	""	""
"2026.02.05"	-999		"Мои деньги"	"Связь и подписки"	""	"Етель"
"2026.02.05"	-219		"Мои деньги"	"Продукты"	""	""
"2026.02.04"	-12134		"Мои деньги"	"Коммуналка"	""	""
"2026.02.04"	-3197		"Мои деньги"	"Здоровье"	""	""
"2026.02.04"	-2281		"Мои деньги"	"Еда"	""	""
"2026.02.04"	-2218		"Мои деньги"	"Еда"	""	""
"2026.02.04"	-2133		"Мои деньги"	"Еда"	""	""
"2026.02.04"	-1375		"Мои деньги"	"Еда"	""	""
"2026.02.04"	-1345		"Мои деньги"	"Еда"	""	""
"2026.02.04"	-1167		"Мои деньги"	"Еда"	""	""
"2026.02.04"	-959		"Мои деньги"	"Здоровье"	""	""
"2026.02.04"	-950		"Мои деньги"	"Еда"	""	""
"2026.02.04"	-730		"Мои деньги"	"Здоровье"	""	""
"2026.02.04"	-70		"Мои деньги"	"Продукты"	""	""
"2026.02.04"	-3653		"Мои деньги"	"Продукты"	""	""
"2026.02.04"	-877		"Мои деньги"	"Еда"	""	""
"2026.02.04"	-1709		"Мои деньги"	"Еда"	""	""
"2026.02.04"	-1090		"Мои деньги"	"Еда"	""	""
"2026.02.01"	-2000		"Мои деньги"	"Досуг"	""	""
"2026.02.01"	-2900		"Мои деньги"	"Досуг"	""	""
"2026.02.01"	-2000		"Мои деньги"	"Досуг"	""	""
"2026.02.01"	-3323		"Мои деньги"	"Еда"	""	""
"2026.01.30"	-8000		"Мои деньги"	"Спорт"	""	"Тренировка"
"2026.01.30"	-1160		"Мои деньги"	"Транспорт"	""	"Такси"
"2026.01.29"	-2000		"Мои деньги"	"Досуг"	""	""
"2026.01.29"	-950		"Мои деньги"	"Еда"	""	""
"2026.01.28"	-5060		"Мои деньги"	"Досуг"	""	"Боулинг"
"2026.01.28"	-800		"Мои деньги"	"Транспорт"	""	"Такси"
"2026.01.28"	-500		"Мои деньги"	"Транспорт"	""	""
"2026.01.28"	-2240		"Мои деньги"	"Еда"	""	""
"2026.01.27"	-800		"Мои деньги"	"Досуг"	""	""
"2026.01.27"	-1500		"Мои деньги"	"Транспорт"	""	""
"2026.01.27"	-4000		"Мои деньги"	"Еда"	""	""
"2026.01.26"	-1000		"Мои деньги"	"Досуг"	""	""
"2026.01.26"	-1100		"Мои деньги"	"Досуг"	""	""
"2026.01.26"	-2500		"Мои деньги"	"Спорт"	""	"Турнир"
"2026.01.26"	-6000		"Мои деньги"	"Продукты"	""	""
"2026.01.26"	-350		"Мои деньги"	"Транспорт"	""	""
"2026.01.26"	-900		"Мои деньги"	"Транспорт"	""	"Такси"
"2026.01.25"	-8123		"Мои деньги"	"Подарки"	""	"Бабе"
"2026.01.25"	-3100		"Мои деньги"	"Транспорт"	""	"Такси"
"2026.01.25"	-2900		"Мои деньги"	"Транспорт"	""	"Такси"
"2026.01.24"	-12600		"Мои деньги"	"Дом"	""	"Клининг"
"2026.01.24"	-1350		"Мои деньги"	"Еда"	""	""
"2026.01.24"	-4331		"Мои деньги"	"Продукты"	""	""
"2026.01.24"	-600		"Мои деньги"	"Спорт"	""	"Турнир"
"2026.01.23"	-8000		"Мои деньги"	"Спорт"	""	"Тренировка"
"2026.01.23"	-1720		"Мои деньги"	"Еда"	""	""
"2026.01.23"	-100		"Мои деньги"	"Продукты"	""	""
"2026.01.23"	-3000		"Мои деньги"	"Спорт"	""	"Турнир"
"2026.01.23"	-270		"Мои деньги"	"Досуг"	""	""
"2026.01.23"	-900		"Мои деньги"	"Транспорт"	""	"Такси"
"2026.01.23"	-700		"Мои деньги"	"Транспорт"	""	"Такси"
"2026.01.23"	-519		"Мои деньги"	"Продукты"	""	""
"2026.01.23"	-103500		"Мои деньги"	"Дом"	""	"Кресло"
"2026.01.22"	-1345		"Мои деньги"	"Еда"	""	""
"2026.01.21"	-270		"Мои деньги"	"Досуг"	""	""
"2026.01.21"	-6480		"Мои деньги"	"Здоровье"	""	"Линзы"
"2026.01.21"	-600		"Мои деньги"	"Спорт"	""	"Турнир"
"2026.01.20"	-2500		"Мои деньги"	"Спорт"	""	"Турнир"
"2026.01.20"	-779		"Мои деньги"	"Продукты"	""	""
"2026.01.19"	-76192		"Мои деньги"	"Жилье"	""	""
"2026.01.19"	-1350		"Мои деньги"	"Еда"	""	""
"2026.01.19"	-1930		"Мои деньги"	"Досуг"	""	""
"2026.01.19"	-6830		"Мои деньги"	"Здоровье"	""	""
"2026.01.18"	-1720		"Мои деньги"	"Еда"	""	""
"2026.01.18"	-180		"Мои деньги"	"Досуг"	""	""
"2026.01.18"	-1345		"Мои деньги"	"Еда"	""	""
"2026.01.17"	-2750		"Мои деньги"	"Спорт"	""	"Корт"
"2026.01.17"	-6600		"Мои деньги"	"Спорт"	""	"Тренировка"
"2026.01.17"	-1720		"Мои деньги"	"Еда"	""	""
"2026.01.16"	-100		"Мои деньги"	"Еда"	""	""
"2026.01.16"	-3600		"Мои деньги"	"Спорт"	""	"Турнир"
"2026.01.16"	-8000		"Мои деньги"	"Спорт"	""	"Тренировка фил"
"2026.01.16"	-900		"Мои деньги"	"Транспорт"	""	""
"2026.01.15"	-1460		"Мои деньги"	"Продукты"	""	""
"2026.01.15"	-1000		"Мои деньги"	"Транспорт"	""	"Такси"
"2026.01.15"	-2713		"Мои деньги"	"Продукты"	""	""
"2026.01.15"	-1787		"Мои деньги"	"Еда"	""	""
"2026.01.13"	-260		"Мои деньги"	"Продукты"	""	""
"2026.01.13"	-1703		"Мои деньги"	"Еда"	""	""
"2026.01.13"	-20000		"Мои деньги"	"Досуг"	""	""
"2026.01.11"	-1329		"Мои деньги"	"Еда"	""	""
"2026.01.11"	-2254		"Мои деньги"	"Еда"	""	""
"2026.01.11"	-1720		"Мои деньги"	"Еда"	""	""
"2026.01.09"	-808		"Мои деньги"	"Продукты"	""	""
"2026.01.09"	-4000		"Мои деньги"	"Спорт"	""	"Тренировка"
"2026.01.09"	-767		"Мои деньги"	"Продукты"	""	""
"2026.01.09"	-1310		"Мои деньги"	"Еда"	""	""
"2026.01.08"	-2920		"Мои деньги"	"Еда"	""	""
"2026.01.08"	-281		"Мои деньги"	"Продукты"	""	""
"2026.01.06"	-2250		"Мои деньги"	"Спорт"	""	"Корт"
"2026.01.06"	-1620		"Мои деньги"	"Еда"	""	""
"2026.01.06"	-1918		"Мои деньги"	"Еда"	""	""
"2026.01.06"	-880		"Мои деньги"	"Еда"	""	""
"2026.01.06"	-523		"Мои деньги"	"Транспорт"	""	""
"2026.01.05"	-100		"Мои деньги"	"Транспорт"	""	""
"2026.01.05"	-3100		"Мои деньги"	"Досуг"	""	""
"2026.01.05"	-329		"Мои деньги"	"Транспорт"	""	""
"2026.01.04"	-999		"Мои деньги"	"Связь и подписки"	""	"Етель"
"2026.01.03"	-680		"Мои деньги"	"Еда"	""	""
"2026.01.03"	-2000		"Мои деньги"	"Спорт"	""	"Корт"
"2026.01.03"	-100		"Мои деньги"	"Досуг"	""	"Комп клуб"
"2026.01.03"	-2548		"Мои деньги"	"Продукты"	""	""
"2026.01.02"	-1500		"Мои деньги"	"Спорт"	""	"Корт"
"2026.01.02"	-1450		"Мои деньги"	"Еда"	""	""
"2026.01.02"	-1041		"Мои деньги"	"Еда"	""	""
"2026.01.01"	-1600		"Мои деньги"	"Досуг"	""	"Комп клуб"
"2026.01.01"	-585		"Мои деньги"	"Спорт"	""	"Турнир"
"2025.12.31"	-6993		"Мои деньги"	"Продукты"	""	""
"2025.12.31"	-1220		"Мои деньги"	"Продукты"	""	""
"2025.12.29"	-1445		"Мои деньги"	"Еда"	""	""
"2025.12.29"	-700		"Мои деньги"	"Транспорт"	""	"Такси"
"2025.12.29"	-1300		"Мои деньги"	"Еда"	""	""
"2025.12.29"	-1010		"Мои деньги"	"Еда"	""	""
"2025.12.29"	-248		"Мои деньги"	"Продукты"	""	""
"2025.12.28"	-1862		"Мои деньги"	"Еда"	""	""
"2025.12.27"	-21065		"Мои деньги"	"Одежда"	""	""
"2025.12.27"	-1000		"Мои деньги"	"Транспорт"	""	"Такси"
"2025.12.27"	-799		"Мои деньги"	"Досуг"	""	""
"2025.12.27"	-6600		"Мои деньги"	"Спорт"	""	"Тренировка"
"2025.12.27"	-2200		"Мои деньги"	"Спорт"	""	"Корт"
"2025.12.27"	-1430		"Мои деньги"	"Еда"	""	""
"2025.12.26"	-8000		"Мои деньги"	"Подарки"	""	"Рома др"
"2025.12.26"	-1319		"Мои деньги"	"Досуг"	""	""
"2025.12.26"	-1357		"Мои деньги"	"Еда"	""	""
"2025.12.26"	-466		"Мои деньги"	"Продукты"	""	""
"2025.12.25"	-1357		"Мои деньги"	"Еда"	""	""
"2025.12.25"	-2500		"Мои деньги"	"Красота"	""	"Барбер"
"2025.12.25"	-1777		"Мои деньги"	"Еда"	""	""
"2025.12.24"	-24525		"Мои деньги"	"Техника"	""	"Наушники"
"2025.12.24"	-514		"Мои деньги"	"Досуг"	""	""
"2025.12.24"	-1857		"Мои деньги"	"Еда"	""	""
"2025.12.23"	-561		"Мои деньги"	"Здоровье"	""	"Мазь ожоги"
"2025.12.23"	-1146		"Мои деньги"	"Еда"	""	""
"2025.12.22"	-166		"Мои деньги"	"Продукты"	""	""
"2025.12.22"	-628		"Мои деньги"	"Продукты"	""	""
"2025.12.22"	-1562		"Мои деньги"	"Еда"	""	""
"2025.12.20"	-13200		"Мои деньги"	"Спорт"	""	"Тренировка"
"2025.12.20"	-1310		"Мои деньги"	"Еда"	""	""
"2025.12.20"	-3600		"Мои деньги"	"Спорт"	""	"Корт"
"2025.12.19"	-1800		"Мои деньги"	"Спорт"	""	"Корт"
"2025.12.19"	-1938		"Мои деньги"	"Еда"	""	""
"2025.12.19"	-379		"Мои деньги"	"Здоровье"	""	""
"2025.12.18"	-9900		"Мои деньги"	"Здоровье"	""	"Массаж"
"2025.12.18"	-13100		"Мои деньги"	"Продукты"	""	""
"2025.12.18"	-891		"Мои деньги"	"Еда"	""	""
"2025.12.18"	-81		"Мои деньги"	"Еда"	""	""
"2025.12.18"	-1377		"Мои деньги"	"Еда"	""	""
"2025.12.17"	-17470		"Мои деньги"	"Коммуналка"	""	""
"2025.12.17"	-5500		"Мои деньги"	"Продукты"	""	""
"2025.12.16"	-1770		"Мои деньги"	"Еда"	""	""
"2025.12.16"	-81		"Мои деньги"	"Продукты"	""	""
"2025.12.16"	-3600		"Мои деньги"	"Спорт"	""	"Корт"
"2025.12.16"	-1447		"Мои деньги"	"Еда"	""	""
"2025.12.16"	-230		"Мои деньги"	"Продукты"	""	""
"2025.12.15"	-76262		"Мои деньги"	"Жилье"	""	""
"2025.12.15"	-1341		"Мои деньги"	"Еда"	""	""
"2025.12.14"	-497		"Мои деньги"	"Продукты"	""	""
"2025.12.14"	-4410		"Мои деньги"	"Досуг"	""	"Кинотеатр"
"2025.12.14"	-1800		"Мои деньги"	"Спорт"	""	"Корт"
"2025.12.14"	-1340		"Мои деньги"	"Еда"	""	""
"2025.12.14"	-260		"Мои деньги"	"Досуг"	""	""
"2025.12.14"	-1336		"Мои деньги"	"Еда"	""	""
"2025.12.14"	-150		"Мои деньги"	"Досуг"	""	""
"2025.12.13"	-390		"Мои деньги"	"Досуг"	""	""
"2025.12.13"	-1446		"Мои деньги"	"Еда"	""	""
"2025.12.13"	-1452		"Мои деньги"	"Еда"	""	""
"2025.12.12"	-2000		"Мои деньги"	"Транспорт"	""	""
"2025.12.12"	-1498		"Мои деньги"	"Еда"	""	""
"2025.12.12"	-1200		"Мои деньги"	"Транспорт"	""	""
"2025.12.11"	-1499		"Мои деньги"	"Еда"	""	""
"2025.12.11"	-3500		"Мои деньги"	"Спорт"	""	"Турнир"
"2025.12.11"	-354		"Мои деньги"	"Продукты"	""	""
"2025.12.11"	-1862		"Мои деньги"	"Еда"	""	""
"2025.12.11"	-8429		"Мои деньги"	"Спорт"	""	"Питание"
"2025.12.11"	-4972		"Мои деньги"	"Здоровье"	""	"Аптека"
"2025.12.11"	-1800		"Мои деньги"	"Спорт"	""	"Корт"
"2025.12.11"	-811		"Мои деньги"	"Еда"	""	""
"2025.12.10"	-1352		"Мои деньги"	"Еда"	""	""
"2025.12.09"	-2000		"Мои деньги"	"Еда"	""	""
"2025.12.09"	-1122		"Мои деньги"	"Еда"	""	""
"2025.12.07"	-400		"Мои деньги"	"Досуг"	""	""
"2025.12.07"	-1800		"Мои деньги"	"Спорт"	""	"Корт"
"2025.12.07"	-400		"Мои деньги"	"Досуг"	""	""
"2025.12.07"	-2422		"Мои деньги"	"Продукты"	""	""
"2025.12.06"	-399		"Мои деньги"	"Досуг"	""	""
"2025.12.06"	-2649		"Мои деньги"	"Еда"	""	""
"2025.12.06"	-418		"Мои деньги"	"Продукты"	""	""
"2025.12.06"	-2500		"Мои деньги"	"Спорт"	""	"Турнир"
"2025.12.05"	-1710		"Мои деньги"	"Еда"	""	""
"2025.12.05"	-585		"Мои деньги"	"Спорт"	""	"Турнир"
"2025.12.05"	-999		"Мои деньги"	"Связь и подписки"	""	"Етель"
"2025.12.05"	-8400		"Мои деньги"	"Техника"	""	"Фильтр для очистителя воздуха"
"2025.12.05"	-89		"Мои деньги"	"Продукты"	""	""
"2025.12.05"	-5195		"Мои деньги"	"Продукты"	""	""
"2025.12.05"	-1037		"Мои деньги"	"Еда"	""	""
"2025.12.03"	-19435		"Мои деньги"	"Подарки"	""	"Маме"
"2025.12.02"	-1131		"Мои деньги"	"Еда"	""	""
"2025.12.02"	-1341		"Мои деньги"	"Еда"	""	""
"2025.12.02"	-1498		"Мои деньги"	"Еда"	""	""
"2025.12.02"	-1142		"Мои деньги"	"Еда"	""	""
"2025.12.02"	-1705		"Мои деньги"	"Досуг"	""	""
"2025.12.01"	-712		"Мои деньги"	"Продукты"	""	""
"2025.12.01"	-4080		"Мои деньги"	"Коммуналка"	""	""
"2025.11.30"	-4317		"Мои деньги"	"Одежда"	""	""
"2025.11.30"	-6408		"Мои деньги"	"Одежда"	""	""
"2025.11.30"	-67329		"Мои деньги"	"Одежда"	""	""
"2025.11.30"	-6706		"Мои деньги"	"Одежда"	""	""
"2025.11.30"	-1240		"Мои деньги"	"Еда"	""	""
"2025.11.30"	-2246		"Мои деньги"	"Одежда"	""	""
"2025.11.30"	-88200		"Мои деньги"	"Здоровье"	""	"Абонемент массаж"
"2025.11.30"	-1800		"Мои деньги"	"Спорт"	""	"Корт"
"2025.11.30"	-310		"Мои деньги"	"Досуг"	""	""
"2025.11.29"	-1666		"Мои деньги"	"Еда"	""	""
"2025.11.29"	-4369		"Мои деньги"	"Еда"	""	""
"2025.11.28"	-1600		"Мои деньги"	"Транспорт"	""	""
"2025.11.28"	-27372		"Мои деньги"	"Спорт"	""	"Ракетка"
"2025.11.28"	-1800		"Мои деньги"	"Спорт"	""	"Корт"
"2025.11.28"	-3500		"Мои деньги"	"Спорт"	""	"Турнир"
"2025.11.27"	-405		"Мои деньги"	"Досуг"	""	""
"2025.11.27"	-2704		"Мои деньги"	"Еда"	""	""
"2025.11.27"	-259		"Мои деньги"	"Спорт"	""	"Энергетик"
"2025.11.27"	-2802		"Мои деньги"	"Продукты"	""	""
"2025.11.26"	-19199		"Мои деньги"	"Спорт"	""	"Кроссовки"
"2025.11.26"	-2313		"Мои деньги"	"Продукты"	""	""
"2025.11.26"	-1671		"Мои деньги"	"Здоровье"	""	"Аптека"
"2025.11.26"	-2000		"Мои деньги"	"Еда"	""	""
"2025.11.26"	-780		"Мои деньги"	"Спорт"	""	"Корт"
"2025.11.25"	-1336		"Мои деньги"	"Еда"	""	""
"2025.11.25"	-3517		"Мои деньги"	"Продукты"	""	""
"2025.11.24"	-1037		"Мои деньги"	"Еда"	""	""
"2025.11.24"	-1341		"Мои деньги"	"Еда"	""	""
"2025.11.23"	-1100		"Мои деньги"	"Еда"	""	""
"2025.11.23"	-600		"Мои деньги"	"Досуг"	""	""
"2025.11.23"	-1000		"Мои деньги"	"Досуг"	""	"Покер"
"2025.11.23"	-616		"Мои деньги"	"Досуг"	""	""
"2025.11.23"	-11673		"Мои деньги"	"Досуг"	""	"Донат"
"2025.11.22"	-1800		"Мои деньги"	"Спорт"	""	"Падел"
"2025.11.22"	-1500		"Мои деньги"	"Спорт"	""	"Падел"
"2025.11.22"	-1800		"Мои деньги"	"Спорт"	""	"Падел"
"2025.11.22"	-5000		"Мои деньги"	"Спорт"	""	"Падел"
"2025.11.22"	-1373		"Мои деньги"	"Еда"	""	""
"2025.11.22"	-7684		"Мои деньги"	"Спорт"	""	"Ракето премиум"
"2025.11.21"	-7150		"Мои деньги"	"Здоровье"	""	"Массаж"
"2025.11.21"	-1520		"Мои деньги"	"Еда"	""	""
"2025.11.20"	-3500		"Мои деньги"	"Спорт"	""	"Турнир падел"
"2025.11.20"	-245		"Мои деньги"	"Досуг"	""	""
"2025.11.20"	-888		"Мои деньги"	"Еда"	""	""
"2025.11.19"	-888		"Мои деньги"	"Еда"	""	""
"2025.11.19"	-2600		"Мои деньги"	"Красота"	""	"Барбер"
"2025.11.19"	-620		"Мои деньги"	"Досуг"	""	""
"2025.11.19"	-1501		"Мои деньги"	"Связь и подписки"	""	"МТС"
"2025.11.18"	-1610		"Мои деньги"	"Еда"	""	""
"2025.11.18"	-1200		"Мои деньги"	"Еда"	""	""
"2025.11.18"	-4947		"Мои деньги"	"Продукты"	""	""
"2025.11.17"	-53340		"Мои деньги"	"Одежда"	""	""
"2025.11.17"	-1150		"Мои деньги"	"Коммуналка"	""	""
"2025.11.16"	-5365		"Мои деньги"	"Красота"	""	"Дм"
"2025.11.16"	-3400		"Мои деньги"	"Здоровье"	""	"Массаж"
"2025.11.16"	-1944		"Мои деньги"	"Еда"	""	""
"2025.11.15"	-1910		"Мои деньги"	"Еда"	""	""
"2025.11.15"	-784		"Мои деньги"	"Продукты"	""	""
"2025.11.15"	-3161		"Мои деньги"	"Подарки"	""	"Настя телеграмм премиум"
"2025.11.15"	-2500		"Мои деньги"	"Спорт"	""	"Падел"
"2025.11.15"	-6500		"Мои деньги"	"Спорт"	""	"Падел"
"2025.11.15"	-586		"Мои деньги"	"Спорт"	""	"Падел"
"2025.11.15"	-725		"Мои деньги"	"Транспорт"	""	""
"2025.11.15"	-1846		"Мои деньги"	"Еда"	""	""
"2025.11.14"	-495		"Мои деньги"	"Транспорт"	""	""
"2025.11.14"	-580		"Мои деньги"	"Досуг"	""	""
"2025.11.14"	-495		"Мои деньги"	"Транспорт"	""	""
"2025.11.14"	-3500		"Мои деньги"	"Спорт"	""	"Турнир"
"2025.11.13"	-1830		"Мои деньги"	"Еда"	""	""
"2025.11.13"	-2150		"Мои деньги"	"Транспорт"	""	"Такси"
"2025.11.12"	-5852		"Мои деньги"	"Здоровье"	""	"Чистка Зубов"
"2025.11.12"	-2244		"Мои деньги"	"Продукты"	""	""
"2025.11.12"	-520		"Мои деньги"	"Досуг"	""	""
"2025.11.12"	-1821		"Мои деньги"	"Еда"	""	""
"2025.11.11"	-3523		"Мои деньги"	"Техника"	""	""
"2025.11.11"	-1821		"Мои деньги"	"Еда"	""	""
"2025.11.09"	-1800		"Мои деньги"	"Спорт"	""	"Корт"
"2025.11.09"	-4230		"Мои деньги"	"Продукты"	""	""
"2025.11.09"	-2599		"Мои деньги"	"Еда"	""	""
"2025.11.08"	-444		"Мои деньги"	"Продукты"	""	""
"2025.11.08"	-790		"Мои деньги"	"Досуг"	""	""
"2025.11.08"	-76194		"Мои деньги"	"Жилье"	""	""
"2025.11.08"	-5000		"Мои деньги"	"Спорт"	""	"Тренировка"
"2025.11.08"	-2550		"Мои деньги"	"Досуг"	""	"Кафешка с Димой"
"2025.11.07"	-1742		"Мои деньги"	"Еда"	""	""
"2025.11.06"	-3500		"Мои деньги"	"Спорт"	""	"Турнир"
"2025.11.06"	-999		"Мои деньги"	"Связь и подписки"	""	"Етель"
"2025.11.06"	-1820		"Мои деньги"	"Еда"	""	""
"2025.11.06"	-1820		"Мои деньги"	"Еда"	""	""
"2025.11.05"	-10500		"Мои деньги"	"Продукты"	""	""
"2025.11.05"	-1320		"Мои деньги"	"Досуг"	""	""
"2025.11.03"	-164		"Мои деньги"	"Досуг"	""	""
"2025.11.03"	-246		"Мои деньги"	"Досуг"	""	""
"2025.11.02"	-583		"Мои деньги"	"Спорт"	""	"Сервисный сбор"
"2025.11.02"	-3053		"Мои деньги"	"Продукты"	""	""
"2025.11.01"	-200		"Мои деньги"	"Чаевые"	""	"Рестик"
"2025.11.01"	-2060		"Мои деньги"	"Еда"	""	""
"2025.11.01"	-1800		"Мои деньги"	"Спорт"	""	"Корт"
"2025.11.01"	-5000		"Мои деньги"	"Спорт"	""	"Тренировка падел"
"2025.10.31"	-1394		"Мои деньги"	"Еда"	""	""
"2025.10.30"	-1185		"Мои деньги"	"Еда"	""	""
"2025.10.30"	-11640		"Мои деньги"	"Досуг"	""	"Донат"
"2025.10.28"	-18972		"Мои деньги"	"Подарки"	""	"Маме"
"2025.10.28"	-2155		"Мои деньги"	"Еда"	""	""
"2025.10.28"	-2771		"Мои деньги"	"Здоровье"	""	"Аптека"
"2025.10.28"	-1418		"Мои деньги"	"Еда"	""	""
"2025.10.27"	-880		"Мои деньги"	"Еда"	""	""
"2025.10.26"	-76124		"Мои деньги"	"Жилье"	""	""
"2025.10.26"	-1240		"Мои деньги"	"Еда"	""	""
"2025.10.25"	-5000		"Мои деньги"	"Спорт"	""	"Персональная тренировка падел Денис"
"2025.10.25"	-4355		"Мои деньги"	"Продукты"	""	""
"2025.10.24"	-6414		"Мои деньги"	"Продукты"	""	""
"2025.10.23"	-3500		"Мои деньги"	"Спорт"	""	"Турнир"
"2025.10.22"	-99		"Мои деньги"	"Досуг"	""	""
"2025.10.22"	-1600		"Мои деньги"	"Еда"	""	""
"2025.10.21"	-3545		"Мои деньги"	"Продукты"	""	""
"2025.10.21"	-2718		"Мои деньги"	"Продукты"	""	""
"2025.10.21"	-4080		"Мои деньги"	"Коммуналка"	""	""
"2025.10.20"	-3956		"Мои деньги"	"Еда"	""	""
"2025.10.20"	-1646		"Мои деньги"	"Еда"	""	""
"2025.10.18"	-9800		"Мои деньги"	"Спорт"	""	"Термо белье"
"2025.10.18"	-1500		"Мои деньги"	"Еда"	""	""
"2025.10.18"	-3600		"Мои деньги"	"Спорт"	""	"Картинг"
"2025.10.17"	-800		"Мои деньги"	"Транспорт"	""	""
"2025.10.17"	-724		"Мои деньги"	"Транспорт"	""	""
"2025.10.17"	-1260		"Мои деньги"	"Еда"	""	""
"2025.10.17"	-2000		"Мои деньги"	"Досуг"	""	"1."
"2025.10.16"	-3500		"Мои деньги"	"Спорт"	""	"Турнир падел"
"2025.10.15"	-8098		"Мои деньги"	"Спорт"	""	"Футболки"
"2025.10.15"	-1373		"Мои деньги"	"Еда"	""	""
"2025.10.15"	-100		"Мои деньги"	"Чаевые"	""	"Easy freezy"
"2025.10.15"	-10530		"Мои деньги"	"Продукты"	""	""
"2025.10.14"	-1537		"Мои деньги"	"Продукты"	""	""
"2025.10.14"	-815		"Мои деньги"	"Продукты"	""	""
"2025.10.14"	-3073		"Мои деньги"	"Красота"	""	"Dm"
"2025.10.14"	-11000		"Мои деньги"	"Коммуналка"	""	""
"2025.10.12"	-18997		"Мои деньги"	"Техника"	""	"Утюг, гриль, чайник"
"2025.10.12"	-11224		"Мои деньги"	"Дом"	""	"Икея"
"2025.10.12"	-3084		"Мои деньги"	"Продукты"	""	""
"2025.10.12"	-1800		"Мои деньги"	"Спорт"	""	"Корт"
"2025.10.11"	-258		"Мои деньги"	"Продукты"	""	""
"2025.10.10"	-3500		"Мои деньги"	"Спорт"	""	"Турнир падел"
"2025.10.09"	-258		"Мои деньги"	"Продукты"	""	""
"2025.10.08"	-1200		"Мои деньги"	"Продукты"	""	""
"2025.10.08"	-1417		"Мои деньги"	"Продукты"	""	""
"2025.10.08"	-667		"Мои деньги"	"Продукты"	""	""
"2025.10.07"	-17490		"Мои деньги"	"Дом"	""	"Икея"
"2025.10.06"	-1019		"Мои деньги"	"Связь и подписки"	""	"Етель"
"2025.10.06"	-2338		"Мои деньги"	"Спорт"	""	"Турнир падел"
"2025.10.05"	-102		"Мои деньги"	"Продукты"	""	""
"2025.10.05"	-1800		"Мои деньги"	"Спорт"	""	"Корт падел"
"2025.10.05"	-258		"Мои деньги"	"Продукты"	""	""
"2025.10.04"	-2667		"Мои деньги"	"Продукты"	""	""
"2025.10.04"	-1850		"Мои деньги"	"Спорт"	""	"Корт"
"2025.10.04"	-278		"Мои деньги"	"Продукты"	""	""
"2025.10.02"	-288		"Мои деньги"	"Продукты"	""	""
"2025.10.02"	-583		"Мои деньги"	"Спорт"	""	"Падел Сервис фи"
"2025.10.01"	-12873		"Мои деньги"	"Досуг"	""	"RR"
"2025.10.01"	-1400		"Мои деньги"	"Одежда"	""	""
"2025.09.30"	-585		"Мои деньги"	"Спорт"	""	"Сервис фи"
"2025.09.30"	-8018		"Мои деньги"	"Продукты"	""	""
"2025.09.29"	-2404		"Мои деньги"	"Спорт"	""	"Сандей пасс падел"
"2025.09.29"	-26100		"Мои деньги"	"Одежда"	""	""
"2025.09.29"	-70100		"Мои деньги"	"Одежда"	""	""
"2025.09.29"	-815		"Мои деньги"	"Продукты"	""	""
"2025.09.29"	-162		"Мои деньги"	"Продукты"	""	""
"2025.09.29"	-1331		"Мои деньги"	"Еда"	""	""
"2025.09.29"	-2405		"Мои деньги"	"🔞"	""	""
"2025.09.29"	-159		"Мои деньги"	"Продукты"	""	""
"2025.09.28"	-1990		"Мои деньги"	"Одежда"	""	""
"2025.09.28"	-21847		"Мои деньги"	"Одежда"	""	""
"2025.09.28"	-22680		"Мои деньги"	"Одежда"	""	""
"2025.09.28"	-100		"Мои деньги"	"Чаевые"	""	"Корейка"
"2025.09.28"	-1070		"Мои деньги"	"Еда"	""	""
"2025.09.28"	-18025		"Мои деньги"	"Подарки"	""	"Мама ежемесячное"
"2025.09.24"	-20338		"Мои деньги"	"Досуг"	""	"RR"
"2025.09.21"	-2974		"Мои деньги"	"🔞"	""	"ВК знакомства"
"2025.09.19"	-1429		"Мои деньги"	"Коммуналка"	""	"Кредит альфа"
"2025.09.14"	-1753		"Мои деньги"	"Связь и подписки"	""	"Черногория связь"
"2025.09.13"	-2400		"Мои деньги"	"Транспорт"	""	"Такси"
"2025.09.13"	-100		"Мои деньги"	"Чаевые"	""	"Корейка"
"2025.09.13"	-1310		"Мои деньги"	"Еда"	""	""
"2025.09.12"	-4946		"Мои деньги"	"Дом"	""	"Химия"
"2025.09.12"	-3544		"Мои деньги"	"Красота"	""	"DM"
"2025.09.12"	-10570		"Мои деньги"	"Коммуналка"	""	""
"2025.09.12"	-1238		"Мои деньги"	"Еда"	""	""
"2025.09.12"	-888		"Мои деньги"	"Продукты"	""	""
"2025.09.11"	-14100		"Мои деньги"	"Спорт"	""	"Грузы и костюм"
"2025.09.11"	-76184		"Мои деньги"	"Жилье"	""	""
"2025.09.11"	-880		"Мои деньги"	"Еда"	""	""
"2025.09.10"	-50		"Мои деньги"	"Чаевые"	""	"Корейка"
"2025.09.10"	-1430		"Мои деньги"	"Еда"	""	""
"2025.09.10"	-71813		"Мои деньги"	"Техника"	""	"Dji"
"2025.09.10"	-100		"Мои деньги"	"Чаевые"	""	"Корейка"
"2025.09.10"	-1530		"Мои деньги"	"Еда"	""	"Е"
"2025.09.09"	-999		"Мои деньги"	"Связь и подписки"	""	"Етель"
"2025.09.08"	-3328		"Мои деньги"	"Продукты"	""	""
"2025.09.08"	-1307		"Мои деньги"	"Еда"	""	""
"2025.09.08"	-735		"Мои деньги"	"Продукты"	""	""
"2025.09.08"	-9790		"Мои деньги"	"Досуг"	""	"Линзы"
"2025.09.07"	-26600		"Мои деньги"	"Красота"	""	"Оправа"
"2025.09.07"	-200		"Мои деньги"	"Чаевые"	""	"Корейка"
"2025.09.07"	-1430		"Мои деньги"	"Еда"	""	""
"2025.09.07"	-98		"Мои деньги"	"Досуг"	""	""
"2025.09.06"	-100		"Мои деньги"	"Чаевые"	""	"Корейка внизу"
"2025.09.06"	-1530		"Мои деньги"	"Еда"	""	""
"2025.09.05"	-1207		"Мои деньги"	"Еда"	""	""
"2025.09.05"	-1270		"Мои деньги"	"Еда"	""	""
"2025.09.05"	-980		"Мои деньги"	"Досуг"	""	""
"2025.09.05"	-1806		"Мои деньги"	"Еда"	""	""
"2025.09.05"	-1530		"Мои деньги"	"Еда"	""	""
"2025.09.03"	-1271		"Мои деньги"	"Еда"	""	""
"2025.09.03"	-1345		"Мои деньги"	"Продукты"	""	""
"2025.09.02"	-2210		"Мои деньги"	"Еда"	""	""
"2025.09.02"	-882		"Мои деньги"	"Еда"	""	""
"2025.09.02"	-990		"Мои деньги"	"Еда"	""	""
"2025.09.01"	-893		"Мои деньги"	"Еда"	""	""
"2025.09.01"	-1425		"Мои деньги"	"Еда"	""	""
"2025.08.31"	-890		"Мои деньги"	"Еда"	""	""
"2025.08.31"	-1838		"Мои деньги"	"Еда"	""	""
"2025.08.31"	-877		"Мои деньги"	"Еда"	""	""
"2025.08.30"	-2510		"Мои деньги"	"Спорт"	""	"Sunday Pass"
"2025.08.30"	-585		"Мои деньги"	"Спорт"	""	"Турнир"
"2025.08.30"	-10115		"Мои деньги"	"Досуг"	""	"Стендап Чапарян"
"2025.08.29"	-780		"Мои деньги"	"Досуг"	""	""
"2025.08.29"	-7000		"Мои деньги"	"Спорт"	""	"Падел тренировки"
"2025.08.29"	-1460		"Мои деньги"	"Продукты"	""	""
"2025.08.29"	-1282		"Мои деньги"	"Еда"	""	""
"2025.08.28"	-33201		"Мои деньги"	"Досуг"	""	"Ебанная игра"
"2025.08.27"	-840		"Мои деньги"	"Еда"	""	""
"2025.08.27"	-294		"Мои деньги"	"Досуг"	""	""
"2025.08.27"	-1290		"Мои деньги"	"Еда"	""	""
"2025.08.26"	-2000		"Мои деньги"	"Спорт"	""	"Падел тренировка"
"2025.08.26"	-1344		"Мои деньги"	"Еда"	""	""
"2025.08.26"	-99553		"Мои деньги"	"Техника"	""	"Apple Watch Ultra 2"
"2025.08.26"	-3000		"Мои деньги"	"Красота"	""	"Барбер"
"2025.08.25"	-1400		"Мои деньги"	"Еда"	""	""
"2025.08.25"	-2180		"Мои деньги"	"Продукты"	""	""
"2025.08.25"	-350		"Мои деньги"	"Продукты"	""	""
"2025.08.25"	-1500		"Мои деньги"	"Спорт"	""	"Падел турнир"
"2025.08.25"	-1680		"Мои деньги"	"Еда"	""	""
"2025.08.24"	-1418		"Мои деньги"	"Еда"	""	""
"2025.08.24"	-3700		"Мои деньги"	"Спорт"	""	"Тренировка падел"
"2025.08.23"	-5000		"Мои деньги"	"Досуг"	""	"Встреча с Яндекс выпускниками"
"2025.08.22"	-600		"Мои деньги"	"Досуг"	""	""
"2025.08.22"	-27532		"Мои деньги"	"Спорт"	""	"Падел одежда"
"2025.08.22"	-1344		"Мои деньги"	"Еда"	""	""
"2025.08.21"	-1250		"Мои деньги"	"Еда"	""	""
"2025.08.21"	-2000		"Мои деньги"	"Спорт"	""	"Падел корт"
"2025.08.21"	-1312		"Мои деньги"	"Еда"	""	""
"2025.08.20"	-300		"Мои деньги"	"Продукты"	""	""
"2025.08.20"	-3080		"Мои деньги"	"Продукты"	""	""
"2025.08.20"	-1177		"Мои деньги"	"Еда"	""	""
"2025.08.19"	-1187		"Мои деньги"	"Еда"	""	""
"2025.08.18"	-52900		"Мои деньги"	"Спорт"	""	"Падел снаряжение"
"2025.08.18"	-583		"Мои деньги"	"Спорт"	""	"Сервисный сбор турнир падел"
"2025.08.18"	-500		"Мои деньги"	"Продукты"	""	""
"2025.08.18"	-4029		"Мои деньги"	"Еда"	""	""
"2025.08.17"	-3420		"Мои деньги"	"Досуг"	""	"Кафетерия"
"2025.08.17"	-5000		"Мои деньги"	"Спорт"	""	"Тренировка падел"
"2025.08.17"	-500		"Мои деньги"	"Продукты"	""	""
"2025.08.17"	-4000		"Мои деньги"	"Еда"	""	""
"2025.08.17"	-3000		"Мои деньги"	"Еда"	""	""
"2025.08.17"	-1100		"Мои деньги"	"Транспорт"	""	""
"2025.08.15"	-1730		"Мои деньги"	"Продукты"	""	""
"2025.08.15"	-1407		"Мои деньги"	"Еда"	""	""
"2025.08.14"	-798		"Мои деньги"	"Еда"	""	""
"2025.08.14"	-50498		"Мои деньги"	"Подарки"	""	"Ноутбук маме"
"2025.08.13"	-2500		"Мои деньги"	"Продукты"	""	""
"2025.08.13"	-2600		"Мои деньги"	"Красота"	""	"Volumizer"
"2025.08.13"	-9170		"Мои деньги"	"Коммуналка"	""	""
"2025.08.12"	-3070		"Мои деньги"	"Продукты"	""	""
"2025.08.12"	-830		"Мои деньги"	"Продукты"	""	""
"2025.08.12"	-1523		"Мои деньги"	"Еда"	""	""
"2025.08.11"	-11790		"Мои деньги"	"Коммуналка"	""	""
"2025.08.11"	-75546		"Мои деньги"	"Жилье"	""	""
"2025.08.11"	-640		"Мои деньги"	"Гос услуги"	""	"Нотариус"
"2025.08.11"	-16870		"Мои деньги"	"Здоровье"	""	"Спорт пит"
"2025.08.11"	-1376		"Мои деньги"	"Еда"	""	""
"2025.08.11"	-500		"Мои деньги"	"Транспорт"	""	"Такси"
"2025.08.11"	-30		"Мои деньги"	"Гос услуги"	""	"Печать"
"2025.08.10"	-890		"Мои деньги"	"Еда"	""	""
"2025.08.10"	-3555		"Мои деньги"	"Досуг"	""	"Настя кафе"
"2025.08.09"	-5200		"Мои деньги"	"Досуг"	""	"Картинг"
"2025.08.09"	-3800		"Мои деньги"	"Досуг"	""	""
"2025.08.09"	-3606		"Мои деньги"	"Связь и подписки"	""	"Етель"
"2025.08.08"	-1260		"Мои деньги"	"Еда"	""	""
"2025.08.07"	-4245		"Мои деньги"	"🔞"	""	""
"2025.08.07"	-1249		"Мои деньги"	"Еда"	""	""
"2025.08.07"	-1344		"Мои деньги"	"Еда"	""	""
"2025.08.06"	-1870		"Мои деньги"	"Продукты"	""	""
"2025.08.06"	-365		"Мои деньги"	"Досуг"	""	""
"2025.08.06"	-1200		"Мои деньги"	"Транспорт"	""	"Такси"
"2025.08.05"	-1344		"Мои деньги"	"Еда"	""	""
"2025.08.04"	-2540		"Мои деньги"	"Продукты"	""	""
"2025.08.04"	-550		"Мои деньги"	"Продукты"	""	""
"2025.08.03"	-2300		"Мои деньги"	"Еда"	""	""
"2025.08.03"	-1000		"Мои деньги"	"Транспорт"	""	"Такси"
"2025.08.02"	-495		"Мои деньги"	"Транспорт"	""	""
"2025.08.02"	-350		"Мои деньги"	"Досуг"	""	""
"2025.08.02"	-1000		"Мои деньги"	"Транспорт"	""	"Такси"
"2025.08.02"	-311		"Мои деньги"	"Транспорт"	""	""
"2025.08.02"	-9705		"Мои деньги"	"Досуг"	""	""
"2025.08.02"	-16326		"Мои деньги"	"Досуг"	""	""
"2025.08.01"	-1344		"Мои деньги"	"Продукты"	""	""
"2025.07.31"	-2140		"Мои деньги"	"Продукты"	""	""
"2025.07.31"	-5270		"Мои деньги"	"Продукты"	""	""
"2025.07.31"	-1376		"Мои деньги"	"Еда"	""	""
"2025.07.30"	-4641		"Мои деньги"	"Коммуналка"	""	""
"2025.07.30"	-1229		"Мои деньги"	"Еда"	""	""
"2025.07.30"	-2328		"Мои деньги"	"Продукты"	""	""
"2025.07.29"	-1425		"Мои деньги"	"Еда"	""	""
"2025.07.28"	-1239		"Мои деньги"	"Еда"	""	""
"2025.07.28"	-775		"Мои деньги"	"Здоровье"	""	""
"2025.07.28"	-1424		"Мои деньги"	"Еда"	""	""
"2025.07.28"	-3716		"Мои деньги"	"Досуг"	""	""
"2025.07.27"	-4132		"Мои деньги"	"Продукты"	""	""
"2025.07.27"	-880		"Мои деньги"	"Продукты"	""	""
"2025.07.27"	-500		"Мои деньги"	"Чаевые"	""	"Барбер"
"2025.07.27"	-2400		"Мои деньги"	"Красота"	""	"Барбер"
"2025.07.27"	-1837		"Мои деньги"	"Еда"	""	""
"2025.07.27"	-800		"Мои деньги"	"Транспорт"	""	"Такси"
"2025.07.26"	-1600		"Мои деньги"	"Транспорт"	""	"Такси"
"2025.07.26"	-311		"Мои деньги"	"Транспорт"	""	""
"2025.07.26"	-460		"Мои деньги"	"Продукты"	""	""
"2025.07.26"	-200		"Мои деньги"	"Досуг"	""	""
"2025.07.26"	-800		"Мои деньги"	"Транспорт"	""	"Такси"
"2025.07.26"	-362		"Мои деньги"	"Транспорт"	""	""
"2025.07.26"	-2205		"Мои деньги"	"Еда"	""	""
"2025.07.25"	-9143		"Мои деньги"	"Досуг"	""	"Игра"
"2025.07.25"	-3660		"Мои деньги"	"Коммуналка"	""	""
"2025.07.24"	-1600		"Мои деньги"	"🔞"	""	"Дейтинг тиндер"
"2025.07.24"	-6984		"Мои деньги"	"🔞"	""	"Секс-шоп"
"2025.07.24"	-1425		"Мои деньги"	"Еда"	""	""
"2025.07.23"	-280		"Мои деньги"	"Продукты"	""	""
"2025.07.23"	-3650		"Мои деньги"	"Продукты"	""	""
"2025.07.22"	-642		"Мои деньги"	"Связь и подписки"	""	"МТС"
"2025.07.21"	-290		"Мои деньги"	"Продукты"	""	""
"2025.07.21"	-1770		"Мои деньги"	"Продукты"	""	""
"2025.07.20"	-1290		"Мои деньги"	"Здоровье"	""	""
"2025.07.19"	-4460		"Мои деньги"	"Продукты"	""	""
"2025.07.19"	-87606		"Мои деньги"	"Жилье"	""	""
"2025.07.18"	-6820		"Мои деньги"	"Дом"	""	"DM"
"2025.07.18"	-15515		"Мои деньги"	"Здоровье"	""	"Витамины"
"2025.07.18"	-1491		"Мои деньги"	"Еда"	""	""
"2025.07.18"	-11050		"Мои деньги"	"Коммуналка"	""	""
"2025.07.18"	-290		"Мои деньги"	"Продукты"	""	""
"2025.07.17"	-1827		"Мои деньги"	"Еда"	""	""
"2025.07.16"	-290		"Мои деньги"	"Продукты"	""	""
"2025.07.16"	-1229		"Мои деньги"	"Еда"	""	""
"2025.07.15"	-1930		"Мои деньги"	"Продукты"	""	""
"2025.07.15"	-1000		"Мои деньги"	"Транспорт"	""	"Такси"
"2025.07.15"	-1292		"Мои деньги"	"Еда"	""	""
"2025.07.15"	-1152		"Мои деньги"	"Транспорт"	""	"Такси"
"2025.07.14"	-1072		"Мои деньги"	"Еда"	""	""
"2025.07.14"	-3061		"Мои деньги"	"Транспорт"	""	"Такси"
"2025.07.14"	-1039		"Мои деньги"	"Еда"	""	""
"2025.07.13"	-1205		"Мои деньги"	"Транспорт"	""	"Такси"
"2025.07.12"	-88		"Мои деньги"	"Продукты"	""	""
"2025.07.12"	-1160		"Мои деньги"	"Транспорт"	""	"Такси"
"2025.07.12"	-3000		"Мои деньги"	"Досуг"	""	""
"2025.07.12"	-123		"Мои деньги"	"Продукты"	""	""
"2025.07.11"	-628		"Мои деньги"	"Транспорт"	""	"Такси"
"2025.07.11"	-470		"Мои деньги"	"Транспорт"	""	""
"2025.07.11"	-731		"Мои деньги"	"Транспорт"	""	"Такси"
"2025.07.10"	-2400		"Мои деньги"	"Досуг"	""	""
"2025.07.10"	-1400		"Мои деньги"	"Еда"	""	""
"2025.07.10"	-2767		"Мои деньги"	"Еда"	""	""
"2025.07.10"	-1880		"Мои деньги"	"Еда"	""	""
"2025.07.09"	-289		"Мои деньги"	"Продукты"	""	""
"2025.07.08"	-550		"Мои деньги"	"Чаевые"	""	"Ресторан"
"2025.07.08"	-5620		"Мои деньги"	"Еда"	""	""
"2025.07.08"	-1198		"Мои деньги"	"Транспорт"	""	""
"2025.07.08"	-900		"Мои деньги"	"Досуг"	""	""
"2025.07.08"	-855		"Мои деньги"	"Досуг"	""	""
"2025.07.08"	-999		"Мои деньги"	"Связь и подписки"	""	"Yettel"
"2025.07.08"	-2395		"Мои деньги"	"Транспорт"	""	"Такси"
"2025.07.08"	-4403		"Мои деньги"	"Продукты"	""	""
"2025.07.08"	-1230		"Мои деньги"	"Еда"	""	""
"2025.07.08"	-1806		"Мои деньги"	"Еда"	""	""
"2025.07.08"	-3400		"Мои деньги"	"Транспорт"	""	"Такси"
"2025.07.06"	-5540		"Мои деньги"	"Досуг"	""	"Говно ресторан -"
"2025.07.06"	-29200		"Мои деньги"	"Досуг"	""	"Секс без секса уебище и позорище ебанное, позор пидорский, может тебе в заднеприводные податься жалкий уебан блядский 🥴"
"2025.07.06"	-2640		"Мои деньги"	"Досуг"	""	""
"2025.07.05"	-210		"Мои деньги"	"Досуг"	""	""
"2025.07.04"	-210		"Мои деньги"	"Досуг"	""	""
"2025.07.04"	-1424		"Мои деньги"	"Еда"	""	""
"2025.07.02"	-3292		"Мои деньги"	"Продукты"	""	""
"2025.07.02"	-1491		"Мои деньги"	"Еда"	""	""
"2025.07.02"	-11223		"Мои деньги"	"Досуг"	""	"Exit"
"2025.07.01"	-1491		"Мои деньги"	"Еда"	""	""
"2025.06.30"	-1425		"Мои деньги"	"Еда"	""	""
"2025.06.30"	-3206		"Мои деньги"	"Продукты"	""	""
"2025.06.29"	-5000		"Мои деньги"	"Подарки"	""	"Лампа папа"
"2025.06.29"	-12758		"Мои деньги"	"Подарки"	""	"Мама"
"2025.06.28"	-7912		"Мои деньги"	"Еда"	""	""
"2025.06.27"	-1425		"Мои деньги"	"Еда"	""	""
"2025.06.25"	-3273		"Мои деньги"	"Продукты"	""	""
"2025.06.25"	-1424		"Мои деньги"	"Еда"	""	""
"2025.06.25"	-2493		"Мои деньги"	"Здоровье"	""	"Крем после бритья cerave"
"2025.06.23"	-663		"Мои деньги"	"Продукты"	""	""
"2025.06.23"	-1424		"Мои деньги"	"Еда"	""	""
"2025.06.23"	-600		"Мои деньги"	"Чаевые"	""	"Барбер"
"2025.06.23"	-2400		"Мои деньги"	"Красота"	""	"Барбер"
"2025.06.23"	-1929		"Мои деньги"	"Продукты"	""	""
"2025.06.22"	-1350		"Мои деньги"	"Еда"	""	""
"2025.06.20"	-2404		"Мои деньги"	"Продукты"	""	""
"2025.06.19"	-810		"Мои деньги"	"Еда"	""	""
"2025.06.19"	-14980		"Мои деньги"	"Здоровье"	""	"Спорт пит протеин креатин"
"2025.06.19"	-4560		"Мои деньги"	"Продукты"	""	""
"2025.06.18"	-75979		"Мои деньги"	"Жилье"	""	""
"2025.06.18"	-548		"Мои деньги"	"Продукты"	""	""
"2025.06.18"	-25700		"Мои деньги"	"Коммуналка"	""	""
"2025.06.17"	-953		"Мои деньги"	"Продукты"	""	""
"2025.06.16"	-1690		"Мои деньги"	"Продукты"	""	""
"2025.06.15"	-3222		"Мои деньги"	"Еда"	""	""
"2025.06.15"	-2453		"Мои деньги"	"Еда"	""	""
"2025.06.12"	-5083		"Мои деньги"	"Продукты"	""	""
"2025.06.12"	-1610		"Мои деньги"	"Еда"	""	""
"2025.06.09"	-1424		"Мои деньги"	"Еда"	""	""
"2025.06.08"	-3593		"Мои деньги"	"Продукты"	""	""
"2025.06.06"	-41977		"Мои деньги"	"Техника"	""	"Braun электробритва"
"2025.06.06"	-2380		"Мои деньги"	"Еда"	""	""
"2025.06.05"	-999		"Мои деньги"	"Связь и подписки"	""	"Етель"
"2025.06.05"	-715		"Мои деньги"	"Еда"	""	""
"2025.06.05"	-1980		"Мои деньги"	"Еда"	""	""
"2025.06.04"	-1200		"Мои деньги"	"Досуг"	""	""
"2025.06.03"	-2700		"Мои деньги"	"Красота"	""	""
"2025.06.03"	-1656		"Мои деньги"	"Еда"	""	""
"2025.06.03"	-810		"Мои деньги"	"Еда"	""	""
"2025.06.01"	-35000		"Мои деньги"	"Досуг"	""	""
"2025.06.01"	-2988		"Мои деньги"	"Транспорт"	""	"Такси"
"2025.05.31"	-4500		"Мои деньги"	"Еда"	""	""
"2025.05.31"	-1050		"Мои деньги"	"Досуг"	""	""
"2025.05.30"	-700		"Мои деньги"	"Еда"	""	""
"2025.05.30"	-1300		"Мои деньги"	"Еда"	""	""
"2025.05.30"	-2100		"Мои деньги"	"Транспорт"	""	""
"2025.05.30"	-6000		"Мои деньги"	"Одежда"	""	""
"2025.05.29"	-2333		"Мои деньги"	"Еда"	""	""
"2025.05.28"	-1000		"Мои деньги"	"Транспорт"	""	""
"2025.05.28"	-1034		"Мои деньги"	"Транспорт"	""	""
"2025.05.28"	-2500		"Мои деньги"	"Транспорт"	""	""
"2025.05.28"	-2600		"Мои деньги"	"Еда"	""	""
"2025.05.28"	-1520		"Мои деньги"	"Еда"	""	""
"2025.05.28"	-3192		"Мои деньги"	"Подарки"	""	""
"2025.05.28"	-3400		"Мои деньги"	"Транспорт"	""	"Такси"
"2025.05.28"	-21000		"Мои деньги"	"Досуг"	""	""
"2025.05.27"	-3700		"Мои деньги"	"Еда"	""	""
"2025.05.27"	-4300		"Мои деньги"	"Подарки"	""	""
"2025.05.27"	-2961		"Мои деньги"	"Транспорт"	""	"Такси"
"2025.05.26"	-3700		"Мои деньги"	"Досуг"	""	""
"2025.05.26"	-2930		"Мои деньги"	"Еда"	""	""
"2025.05.26"	-1999		"Мои деньги"	"Досуг"	""	""
"2025.05.26"	-8570		"Мои деньги"	"Коммуналка"	""	""
"2025.05.25"	-2112		"Мои деньги"	"Продукты"	""	""
"2025.05.25"	-2380		"Мои деньги"	"Еда"	""	""
"2025.05.25"	-1870		"Мои деньги"	"Еда"	""	""
"2025.05.25"	-770		"Мои деньги"	"Досуг"	""	""
"2025.05.25"	-2391		"Мои деньги"	"Здоровье"	""	""
"2025.05.25"	-3076		"Мои деньги"	"Транспорт"	""	"Такси"
"2025.05.24"	-3929		"Мои деньги"	"Продукты"	""	""
"2025.05.24"	-1070		"Мои деньги"	"Еда"	""	""
"2025.05.24"	-17385		"Мои деньги"	"Здоровье"	""	"Лекарства озон"
"2025.05.24"	-2787		"Мои деньги"	"Продукты"	""	""
"2025.05.22"	-7195		"Мои деньги"	"Дом"	""	"Икея"
"2025.05.22"	-750		"Мои деньги"	"Еда"	""	""
"2025.05.22"	-1198		"Мои деньги"	"Дом"	""	"Строительный"
"2025.05.21"	-1785		"Мои деньги"	"Еда"	""	"Доставка"
"2025.05.20"	-400		"Мои деньги"	"Связь и подписки"	""	"МТС"
"2025.05.20"	-1344		"Мои деньги"	"Еда"	""	"Доставка"
"2025.05.20"	-1582		"Мои деньги"	"Еда"	""	"Доставка"
"2025.05.19"	-2163		"Мои деньги"	"Еда"	""	"Доставка"
"2025.05.18"	-6600		"Мои деньги"	"Дом"	""	"Zara home"
"2025.05.18"	-3693		"Мои деньги"	"Красота"	""	"DM"
"2025.05.18"	-3700		"Мои деньги"	"Досуг"	""	"Ресторан"
"2025.05.18"	-1994		"Мои деньги"	"Еда"	""	"Доставка"
"2025.05.18"	-2079		"Мои деньги"	"Еда"	""	"Доставка"
"2025.05.18"	-852		"Мои деньги"	"Еда"	""	"Доставка"
"2025.05.16"	-311		"Мои деньги"	"Транспорт"	""	""
"2025.05.16"	-4200		"Мои деньги"	"Досуг"	""	""
"2025.05.16"	-441		"Мои деньги"	"Досуг"	""	""
"2025.05.16"	-495		"Мои деньги"	"Транспорт"	""	""
"2025.05.16"	-280		"Мои деньги"	"Еда"	""	"Кофе"
"2025.05.16"	-1418		"Мои деньги"	"Еда"	""	"Доставка"
"2025.05.14"	-1292		"Мои деньги"	"Еда"	""	"Доставка"
"2025.05.14"	-8710		"Мои деньги"	"Коммуналка"	""	"Информатика"
"2025.05.14"	-280		"Мои деньги"	"Еда"	""	"Кофе"
"2025.05.13"	-4155		"Мои деньги"	"Продукты"	""	""
"2025.05.13"	-76358		"Мои деньги"	"Жилье"	""	""
"2025.05.13"	-1540		"Мои деньги"	"Еда"	""	"Доставка"
"2025.05.12"	-1383		"Мои деньги"	"Еда"	""	"Доставка"
"2025.05.11"	-1628		"Мои деньги"	"Еда"	""	"Доставка"
"2025.05.11"	-2142		"Мои деньги"	"Еда"	""	"Доставка"
"2025.05.10"	-4690		"Мои деньги"	"Досуг"	""	""
"2025.05.10"	-3300		"Мои деньги"	"Досуг"	""	""
"2025.05.10"	-165		"Мои деньги"	"Досуг"	""	""
"2025.05.10"	-1080		"Мои деньги"	"Еда"	""	"Кофе"
"2025.05.08"	-2133		"Мои деньги"	"Продукты"	""	""
"2025.05.06"	-1947		"Мои деньги"	"Продукты"	""	""
"2025.05.06"	-560		"Мои деньги"	"Еда"	""	"Кофе"
"2025.05.06"	-999		"Мои деньги"	"Связь и подписки"	""	"Етель"
"2025.05.05"	-6680		"Мои деньги"	"Здоровье"	""	"Спорт пит"
"2025.05.05"	-600		"Мои деньги"	"Чаевые"	""	"Барбер"
"2025.05.05"	-3400		"Мои деньги"	"Красота"	""	"Барбер"
"2025.05.05"	-631		"Мои деньги"	"Еда"	""	"Доставка"
"2025.05.04"	-4789		"Мои деньги"	"Продукты"	""	""
"2025.05.04"	-5427		"Мои деньги"	"Продукты"	""	""
"2025.05.03"	-1138		"Мои деньги"	"Еда"	""	"Доставка"
"2025.05.02"	-750		"Мои деньги"	"Досуг"	""	""
"2025.05.02"	-5173		"Мои деньги"	"Продукты"	""	""
"2025.05.02"	-1202		"Мои деньги"	"Еда"	""	"Доставка"
"2025.05.01"	-399		"Мои деньги"	"Связь и подписки"	""	"Вольт"
"2025.05.01"	-1157		"Мои деньги"	"Еда"	""	"Доставка"
"2025.04.30"	-1934		"Мои деньги"	"Еда"	""	"Доставка"
"2025.04.30"	-1530		"Мои деньги"	"Еда"	""	"Доставка"
"2025.04.29"	-1214		"Мои деньги"	"Еда"	""	"Доставка"
"2025.04.28"	-2303		"Мои деньги"	"Продукты"	""	""
"2025.04.28"	-3500		"Мои деньги"	"Здоровье"	""	"Массаж"
"2025.04.28"	-500		"Мои деньги"	"Чаевые"	""	"Такси"
"2025.04.28"	-1015		"Мои деньги"	"Транспорт"	""	"Такси"
"2025.04.28"	-3950		"Мои деньги"	"Коммуналка"	""	""
"2025.04.27"	-3500		"Мои деньги"	"Здоровье"	""	"Мануальная терапия"
"2025.04.27"	-1807		"Мои деньги"	"Продукты"	""	""
"2025.04.26"	-1870		"Мои деньги"	"Продукты"	""	""
"2025.04.26"	-4430		"Мои деньги"	"Досуг"	""	"Поперечный стендап"
"2025.04.26"	-500		"Мои деньги"	"Еда"	""	"Доставка"
"2025.04.25"	-500		"Мои деньги"	"Чаевые"	""	"Стоматолог"
"2025.04.25"	-5000		"Мои деньги"	"Здоровье"	""	"Чистка"
"2025.04.25"	-6463		"Мои деньги"	"Красота"	""	"DM"
"2025.04.25"	-1463		"Мои деньги"	"Еда"	""	"Доставка"
"2025.04.24"	-3010		"Мои деньги"	"Продукты"	""	""
"2025.04.24"	-1156		"Мои деньги"	"Еда"	""	"Доставка"
"2025.04.23"	-1156		"Мои деньги"	"Еда"	""	"Доставка"
"2025.04.23"	-1650		"Мои деньги"	"Еда"	""	"Доставка"
"2025.04.22"	-3513		"Мои деньги"	"Еда"	""	"Доставка"
"2025.04.22"	-3000		"Мои деньги"	"Продукты"	""	""
"2025.04.22"	-1350		"Мои деньги"	"Еда"	""	""
"2025.04.21"	-300		"Мои деньги"	"Чаевые"	""	"Барбер"
"2025.04.21"	-1700		"Мои деньги"	"Красота"	""	"Барбер"
"2025.04.19"	-76192		"Мои деньги"	"Жилье"	""	"Квартира аренда"
"2025.04.19"	-2217		"Мои деньги"	"Еда"	""	"Доставка"
"2025.04.19"	-5154		"Мои деньги"	"Продукты"	""	""
"2025.04.18"	-1394		"Мои деньги"	"Еда"	""	"Доставка"
"2025.04.17"	-1271		"Мои деньги"	"Еда"	""	"Доставка"
"2025.04.16"	-1365		"Мои деньги"	"Продукты"	""	""
"2025.04.15"	-999		"Мои деньги"	"Связь и подписки"	""	"Етель"
"2025.04.15"	-1156		"Мои деньги"	"Еда"	""	"Доставка"
"2025.04.14"	-100		"Мои деньги"	"Продукты"	""	""
"2025.04.14"	-2590		"Мои деньги"	"Продукты"	""	""
"2025.04.13"	-100		"Мои деньги"	"Чаевые"	""	"Арена"
"2025.04.13"	-560		"Мои деньги"	"Досуг"	""	"Арена"
"2025.04.13"	-5200		"Мои деньги"	"Досуг"	""	"1."
"2025.04.13"	-1517		"Мои деньги"	"Еда"	""	"Доставка"
"2025.04.11"	-26497		"Мои деньги"	"Досуг"	""	"1."
"2025.04.11"	-470		"Мои деньги"	"Транспорт"	""	""
"2025.04.11"	-2692		"Мои деньги"	"Продукты"	""	""
"2025.04.11"	-360		"Мои деньги"	"Еда"	""	"Кофе"
"2025.04.10"	-2291		"Мои деньги"	"Продукты"	""	""
"2025.04.08"	-8345		"Мои деньги"	"Продукты"	""	""
"2025.04.08"	-360		"Мои деньги"	"Еда"	""	"Кофе"
"2025.04.07"	-500		"Мои деньги"	"Чаевые"	""	"Барбер"
"2025.04.07"	-3400		"Мои деньги"	"Красота"	""	"Барбер"
"2025.04.07"	-360		"Мои деньги"	"Еда"	""	"Кофе"
"2025.04.07"	-1127		"Мои деньги"	"Еда"	""	"Доставка"
"2025.04.06"	-1241		"Мои деньги"	"Еда"	""	"Доставка"
"2025.04.06"	-4365		"Мои деньги"	"Досуг"	""	"Стендап Поперечный 
"
"2025.04.05"	-520		"Мои деньги"	"Продукты"	""	""
"2025.04.05"	-25000		"Мои деньги"	"Отпуск|путешествия"	""	""
"2025.04.05"	-445		"Мои деньги"	"Транспорт"	""	""
"2025.04.03"	-1289		"Мои деньги"	"Продукты"	""	""
"2025.04.01"	-640		"Мои деньги"	"Еда"	""	""
"2025.04.01"	-11000		"Мои деньги"	"Подарки"	""	"Ксюша сестра"
"2025.04.01"	-6637		"Мои деньги"	"Продукты"	""	""
"2025.04.01"	-820		"Мои деньги"	"Продукты"	""	""
"2025.03.29"	-1467		"Мои деньги"	"Еда"	""	"Доставка"
"2025.03.29"	-4800		"Мои деньги"	"Досуг"	""	"1."
"2025.03.29"	-495		"Мои деньги"	"Транспорт"	""	""
"2025.03.29"	-490		"Мои деньги"	"Досуг"	""	""
"2025.03.29"	-362		"Мои деньги"	"Транспорт"	""	"Поезд"
"2025.03.28"	-16219		"Мои деньги"	"Одежда"	""	"Кроссовки"
"2025.03.28"	-260		"Мои деньги"	"Продукты"	""	""
"2025.03.28"	-6133		"Мои деньги"	"Продукты"	""	""
"2025.03.28"	-770		"Мои деньги"	"Еда"	""	""
"2025.03.28"	-12922		"Мои деньги"	"Подарки"	""	"Маме"
"2025.03.28"	-12195		"Мои деньги"	"Дом"	""	"Икея"
"2025.03.24"	-200		"Мои деньги"	"Чаевые"	""	"Барбер"
"2025.03.24"	-1300		"Мои деньги"	"Красота"	""	"Борода коррекция"
"2025.03.24"	-10900		"Мои деньги"	"Красота"	""	"Depot"
"2025.03.24"	-1158		"Мои деньги"	"Еда"	""	"Доставка"
"2025.03.22"	-1100		"Мои деньги"	"Досуг"	""	"Ltd"
"2025.03.22"	-7000		"Мои деньги"	"Продукты"	""	""
"2025.03.21"	-1288		"Мои деньги"	"Еда"	""	"Доставка"
"2025.03.20"	-75541		"Мои деньги"	"Жилье"	""	""
"2025.03.19"	-1542		"Мои деньги"	"Продукты"	""	""
"2025.03.19"	-904		"Мои деньги"	"Транспорт"	""	"Такси"
"2025.03.18"	-3985		"Мои деньги"	"Продукты"	""	""
"2025.03.17"	-1410		"Мои деньги"	"Продукты"	""	""
"2025.03.16"	-12279		"Мои деньги"	"Дом"	""	"Икея"
"2025.03.15"	-4164		"Мои деньги"	"Одежда"	""	""
"2025.03.15"	-3760		"Мои деньги"	"Одежда"	""	""
"2025.03.15"	-172		"Мои деньги"	"Продукты"	""	""
"2025.03.15"	-3873		"Мои деньги"	"Продукты"	""	""
"2025.03.13"	-16500		"Мои деньги"	"Техника"	""	"Колонки"
"2025.03.13"	-1765		"Мои деньги"	"Продукты"	""	""
"2025.03.12"	-904		"Мои деньги"	"Еда"	""	"Доставка"
"2025.03.10"	-280		"Мои деньги"	"Еда"	""	"Кофе"
"2025.03.10"	-500		"Мои деньги"	"Чаевые"	""	"Стрижка"
"2025.03.10"	-2900		"Мои деньги"	"Красота"	""	"Стрижка"
"2025.03.10"	-12780		"Мои деньги"	"Коммуналка"	""	"Коммуналка"
"2025.03.09"	-37479		"Мои деньги"	"Техника"	""	"Apple keyboard and apple trackpad"
"2025.03.09"	-6035		"Мои деньги"	"Продукты"	""	""
"2025.03.08"	-1288		"Мои деньги"	"Еда"	""	""
"2025.03.07"	-5058		"Мои деньги"	"Продукты"	""	""
"2025.03.06"	-999		"Мои деньги"	"Связь и подписки"	""	"Yettel"
"2025.03.05"	-611		"Мои деньги"	"Транспорт"	""	"Такси"
"2025.03.05"	-500		"Мои деньги"	"Чаевые"	""	"Stories"
"2025.03.05"	-3260		"Мои деньги"	"Еда"	""	"Stories"
"2025.03.04"	-1389		"Мои деньги"	"Продукты"	""	""
"2025.03.04"	-2446		"Мои деньги"	"Еда"	""	"KFC"
"2025.03.03"	-280		"Мои деньги"	"Связь и подписки"	""	"Альта"
"2025.03.02"	-350		"Мои деньги"	"Связь и подписки"	""	"Райф"
"2025.03.02"	-1059		"Мои деньги"	"Транспорт"	""	"Такси"
"2025.03.02"	-325		"Мои деньги"	"Досуг"	""	""
"2025.03.01"	-850		"Мои деньги"	"Досуг"	""	""
"2025.03.01"	-1100		"Мои деньги"	"Продукты"	""	""
"2025.02.28"	-12702		"Мои деньги"	"Подарки"	""	"Мама"
"2025.02.27"	-6205		"Мои деньги"	"Продукты"	""	""
"2025.02.26"	-4224		"Мои деньги"	"Дом"	""	"Сковородка Tefal"
"2025.02.26"	-5300		"Мои деньги"	"Дом"	""	"Zara Home"
"2025.02.26"	-2275		"Мои деньги"	"Красота"	""	"DM"
"2025.02.26"	-9000		"Мои деньги"	"Здоровье"	""	"Уролог осмотр"
"2025.02.25"	-1178		"Мои деньги"	"Продукты"	""	""
"2025.02.24"	-1520		"Мои деньги"	"Продукты"	""	"Вода"
"2025.02.24"	-200		"Мои деньги"	"Чаевые"	""	"Барбер"
"2025.02.24"	-1300		"Мои деньги"	"Красота"	""	"Барбер"
"2025.02.23"	-1263		"Мои деньги"	"🔞"	""	"Подписка ВК знакомства"
"2025.02.22"	-1397		"Мои деньги"	"Продукты"	""	""
"2025.02.22"	-20705		"Мои деньги"	"Дом"	""	"Икея"
"2025.02.21"	-3411		"Мои деньги"	"Продукты"	""	""
"2025.02.21"	-1144		"Мои деньги"	"Еда"	""	"Доставка"
"2025.02.21"	-250		"Мои деньги"	"Еда"	""	"Кофе"
"2025.02.20"	-643		"Мои деньги"	"Транспорт"	""	"Такси"
"2025.02.20"	-76455		"Мои деньги"	"Жилье"	""	""
"2025.02.20"	-6150		"Мои деньги"	"Продукты"	""	""
"2025.02.20"	-10999		"Мои деньги"	"Техника"	""	"Микроволновка"
"2025.02.20"	-1092		"Мои деньги"	"Еда"	""	"Доставка"
"2025.02.20"	-350		"Мои деньги"	"Еда"	""	"Кофе"
"2025.02.20"	-1019		"Мои деньги"	"Еда"	""	"Доставка"
"2025.02.20"	-630		"Мои деньги"	"Связь и подписки"	""	"МТС"
"2025.02.19"	-1855		"Мои деньги"	"Еда"	""	"Доставка"
"2025.02.19"	-1239		"Мои деньги"	"Еда"	""	"Доставка"
"2025.02.18"	-1018		"Мои деньги"	"Еда"	""	"Доставка"
"2025.02.18"	-1040		"Мои деньги"	"Еда"	""	"Доставка"
"2025.02.17"	-1155		"Мои деньги"	"Еда"	""	"Moba"
"2025.02.17"	-929		"Мои деньги"	"Еда"	""	"KFC"
"2025.02.16"	-714		"Мои деньги"	"Еда"	""	"Шаурма"
"2025.02.16"	-21998		"Мои деньги"	"Техника"	""	"Пылесос, бритва для катушек"
"2025.02.16"	-3101		"Мои деньги"	"Дом"	""	"Бытовые расходники"
"2025.02.16"	-250		"Мои деньги"	"Еда"	""	"Кофе"
"2025.02.16"	-934		"Мои деньги"	"Еда"	""	"Avacado"
"2025.02.15"	-22863		"Мои деньги"	"Дом"	""	"Икея"
"2025.02.15"	-1155		"Мои деньги"	"Еда"	""	"Поке"
"2025.02.15"	-7646		"Мои деньги"	"Коммуналка"	""	"Газ"
"2025.02.14"	-1200		"Мои деньги"	"Досуг"	""	"Арена"
"2025.02.14"	-1000		"Мои деньги"	"Досуг"	""	"1."
"2025.02.14"	-822		"Мои деньги"	"Транспорт"	""	"Такси"
"2025.02.14"	-800		"Мои деньги"	"Чаевые"	""	"Арена"
"2025.02.14"	-3093		"Мои деньги"	"Коммуналка"	""	"Информатика"
"2025.02.13"	-76060		"Мои деньги"	"Жилье"	""	"Выкуп залога"
"2025.02.13"	-11701		"Мои деньги"	"Техника"	""	"Очиститель воздуха"
"2025.02.13"	-3760		"Мои деньги"	"Транспорт"	""	""
"2025.02.13"	-620		"Мои деньги"	"Еда"	""	"Мак"
"2025.02.13"	-1620		"Мои деньги"	"Еда"	""	"KFC"
"2025.02.12"	-2957		"Мои деньги"	"Коммуналка"	""	"Интернет"
"2025.02.10"	-500		"Мои деньги"	"Чаевые"	""	"Барбер"
"2025.02.10"	-4000		"Мои деньги"	"Красота"	""	"Барбер"
"2025.02.09"	-2100		"Мои деньги"	"Еда"	""	""
"2025.02.09"	-490		"Мои деньги"	"Досуг"	""	""
"2025.02.07"	-673		"Мои деньги"	"Транспорт"	""	"Такси"
"2025.02.07"	-1000		"Мои деньги"	"Досуг"	""	"1."
"2025.02.07"	-50		"Мои деньги"	"Чаевые"	""	"Арена"
"2025.02.07"	-650		"Мои деньги"	"Досуг"	""	"Арена"
"2025.02.07"	-3840		"Мои деньги"	"Коммуналка"	""	"Электричество"
"2025.02.06"	-999		"Мои деньги"	"Связь и подписки"	""	"Yettel"
"2025.02.05"	-8847		"Мои деньги"	"Досуг"	""	"Поперечный стендап"
"2025.02.03"	-280		"Мои деньги"	"Связь и подписки"	""	"Альта банк"
"2025.02.02"	-1035		"Мои деньги"	"Досуг"	""	""
"2025.02.01"	-299		"Мои деньги"	"Досуг"	""	""
"2025.01.29"	-300		"Мои деньги"	"Чаевые"	""	"Арена"
"2025.01.29"	-1980		"Мои деньги"	"Досуг"	""	"Арена"
"2025.01.29"	-21468		"Мои деньги"	"Связь и подписки"	""	"Cursor"
"2025.01.28"	-11431		"Мои деньги"	"Подарки"	""	"Мама"
"2025.01.26"	-1030		"Мои деньги"	"Еда"	""	"Мак"
"2025.01.26"	-640		"Мои деньги"	"Здоровье"	""	"Янтарная кислота"
"2025.01.26"	-362		"Мои деньги"	"Транспорт"	""	""
"2025.01.26"	-495		"Мои деньги"	"Транспорт"	""	""
"2025.01.25"	-35158		"Мои деньги"	"Техника"	""	"Наушники Sony"
"2025.01.22"	-2887		"Мои деньги"	"Здоровье"	""	""
"2025.01.22"	-978		"Мои деньги"	"Транспорт"	""	"Такси"
"2025.01.22"	-2500		"Мои деньги"	"Досуг"	""	""
"2025.01.22"	-2722		"Мои деньги"	"Красота"	""	""
"2025.01.22"	-3980		"Мои деньги"	"Коммуналка"	""	"Информатика"
"2025.01.22"	-5498		"Мои деньги"	"Коммуналка"	""	"Газ"
"2025.01.21"	-100		"Мои деньги"	"Чаевые"	""	"Jiggies"
"2025.01.21"	-885		"Мои деньги"	"Еда"	""	"Jiggies"
"2025.01.20"	-500		"Мои деньги"	"Чаевые"	""	"Барбер"
"2025.01.20"	-4000		"Мои деньги"	"Красота"	""	"Барбер"
"2025.01.18"	-4550		"Мои деньги"	"Досуг"	""	""
"2025.01.17"	-890		"Мои деньги"	"Продукты"	""	""
"2025.01.16"	-11023		"Мои деньги"	"Подарки"	""	"Др Ксюши Фоминой"
"2025.01.15"	-1700		"Мои деньги"	"Транспорт"	""	""
"2025.01.15"	-1066		"Мои деньги"	"Еда"	""	"Мак"
"2025.01.15"	-160		"Мои деньги"	"Еда"	""	"Бурек"
"2025.01.14"	-836		"Мои деньги"	"Транспорт"	""	"Такси"
"2025.01.14"	-500		"Мои деньги"	"Чаевые"	""	"Арена"
"2025.01.14"	-2691		"Мои деньги"	"Досуг"	""	"Арена"
"2025.01.12"	-545		"Мои деньги"	"Досуг"	""	""
"2025.01.11"	-750		"Мои деньги"	"Еда"	""	"Питер шаверма"
"2025.01.11"	-2256		"Мои деньги"	"Красота"	""	"Dm"
"2025.01.11"	-2100		"Мои деньги"	"Техника"	""	"Доплата за триммер babyliss"
"2025.01.10"	-4294		"Мои деньги"	"Коммуналка"	""	"Электричество"
"2025.01.10"	-2699		"Мои деньги"	"Коммуналка"	""	"Интернет"
"2025.01.08"	-1000		"Мои деньги"	"Еда"	""	""
"2025.01.06"	-200		"Мои деньги"	"Чаевые"	""	"Код брке"
"2025.01.06"	-2500		"Мои деньги"	"Еда"	""	"Код брке"
"2025.01.06"	-1054		"Мои деньги"	"Связь и подписки"	""	"Етель"
"2025.01.05"	-300		"Мои деньги"	"Еда"	""	""
"2025.01.05"	-40		"Мои деньги"	"Чаевые"	""	"Loft"
"2025.01.05"	-555		"Мои деньги"	"Еда"	""	"Loft"
"2025.01.04"	-280		"Мои деньги"	"Коммуналка"	""	"Альта банк"
"2024.12.31"	-512		"Мои деньги"	"Досуг"	""	""
"2024.12.31"	-1354		"Мои деньги"	"Транспорт"	""	"Такси"
"2024.12.29"	-495		"Мои деньги"	"Транспорт"	""	""
"2024.12.29"	-500		"Мои деньги"	"Чаевые"	""	"Такси"
"2024.12.29"	-1532		"Мои деньги"	"Транспорт"	""	"Такси"
"2024.12.28"	-10643		"Мои деньги"	"Подарки"	""	"НГ мама"
"2024.12.27"	-500		"Мои деньги"	"Еда"	""	""
"2024.12.27"	-3590		"Мои деньги"	"Здоровье"	""	"Ферменты"
"2024.12.27"	-2380		"Мои деньги"	"Подарки"	""	"Вино"
"2024.12.27"	-2200		"Мои деньги"	"Подарки"	""	"Пиво"
"2024.12.27"	-25620		"Мои деньги"	"Техника"	""	"Тримеры для бороды и тела"
"2024.12.23"	-300		"Мои деньги"	"Чаевые"	""	"Барбер"
"2024.12.23"	-4000		"Мои деньги"	"Красота"	""	"Барбер"
"2024.12.21"	-891		"Мои деньги"	"Транспорт"	""	"Такси"
"2024.12.21"	-1240		"Мои деньги"	"Еда"	""	""
"2024.12.21"	-9496		"Мои деньги"	"Одежда"	""	""
"2024.12.21"	-11219		"Мои деньги"	"Одежда"	""	""
"2024.12.21"	-10790		"Мои деньги"	"Одежда"	""	"Кроссовки"
"2024.12.21"	-4624		"Мои деньги"	"Красота"	""	"DM"
"2024.12.21"	-1532		"Мои деньги"	"🔞"	""	"Презервативы и смазка"
"2024.12.20"	-547		"Мои деньги"	"Связь и подписки"	""	"МТС"
"2024.12.17"	-9313		"Мои деньги"	"Коммуналка"	""	""
"2024.12.15"	-2122		"Мои деньги"	"Связь и подписки"	""	"Подписка Пьюр"
"2024.12.13"	-726		"Мои деньги"	"Транспорт"	""	"Такси"
"2024.12.13"	-2300		"Мои деньги"	"Транспорт"	""	""
"2024.12.13"	-3100		"Мои деньги"	"Техника"	""	"Защитное стекло"
"2024.12.13"	-2999		"Мои деньги"	"Одежда"	""	"Тапочки"
"2024.12.13"	-701		"Мои деньги"	"Продукты"	""	""
"2024.12.13"	-830		"Мои деньги"	"Еда"	""	""
"2024.12.11"	-3349		"Мои деньги"	"Коммуналка"	""	"Электричество"
"2024.12.10"	-658		"Мои деньги"	"Связь и подписки"	""	"ВК знакомства"
"2024.12.06"	-2699		"Мои деньги"	"Коммуналка"	""	"Интернет"
"2024.12.04"	-495		"Мои деньги"	"Транспорт"	""	""
"2024.12.04"	-497		"Мои деньги"	"Связь и подписки"	""	"Етель"
"2024.12.04"	-809		"Мои деньги"	"Здоровье"	""	"Лекарства от язвы"
"2024.12.04"	-495		"Мои деньги"	"Транспорт"	""	""
"2024.12.02"	-280		"Мои деньги"	"Коммуналка"	""	"Альта банк"
"2024.11.30"	-1000		"Мои деньги"	"Транспорт"	""	""
"2024.11.29"	-350		"Мои деньги"	"Чаевые"	""	"Барбер"
"2024.11.29"	-3000		"Мои деньги"	"Красота"	""	"Стрижка"
"2024.11.27"	-387		"Мои деньги"	"Транспорт"	""	""
"2024.11.27"	-160		"Мои деньги"	"Продукты"	""	""
"2024.11.27"	-1000		"Мои деньги"	"Еда"	""	""
"2024.11.27"	-311		"Мои деньги"	"Транспорт"	""	""
"2024.11.26"	-387		"Мои деньги"	"Транспорт"	""	""
"2024.11.26"	-311		"Мои деньги"	"Транспорт"	""	""
"2024.11.25"	-50		"Мои деньги"	"Чаевые"	""	"Арена"
"2024.11.25"	-711		"Мои деньги"	"Еда"	""	"Арена"
"2024.11.23"	-20318		"Мои деньги"	"Одежда"	""	"Худи, спортивки, трусы, носки"
"2024.11.20"	-2203		"Мои деньги"	"Связь и подписки"	""	"Gpt"
"2024.11.20"	-550		"Мои деньги"	"Связь и подписки"	""	"МТС"
"2024.11.19"	-50		"Мои деньги"	"Чаевые"	""	"Такси"
"2024.11.19"	-50		"Мои деньги"	"Чаевые"	""	"Арена"
"2024.11.19"	-668		"Мои деньги"	"Транспорт"	""	"Такси"
"2024.11.19"	-900		"Мои деньги"	"Еда"	""	"Арена"
"2024.11.18"	-20566		"Мои деньги"	"Гос услуги"	""	"Перевод документов для военкомата"
"2024.11.18"	-3240		"Мои деньги"	"Коммуналка"	""	""
"2024.11.18"	-5431		"Мои деньги"	"Коммуналка"	""	""
"2024.11.18"	-901		"Мои деньги"	"Коммуналка"	""	""
"2024.11.18"	-390		"Мои деньги"	"Продукты"	""	""
"2024.11.16"	-419		"Мои деньги"	"Продукты"	""	""
"2024.11.16"	-12400		"Мои деньги"	"Здоровье"	""	"CBD"
"2024.11.15"	-2000		"Мои деньги"	"Транспорт"	""	""
"2024.11.15"	-16385		"Мои деньги"	"Досуг"	""	"Билеты Усович 04.10.25"
"2024.11.11"	-810		"Мои деньги"	"Досуг"	""	""
"2024.11.09"	-1402		"Мои деньги"	"Продукты"	""	""
"2024.11.08"	-900		"Мои деньги"	"Здоровье"	""	"Nexium"
"2024.11.08"	-4900		"Мои деньги"	"Здоровье"	""	"Гастро прием"
"2024.11.08"	-1078		"Мои деньги"	"Здоровье"	""	"Dm"
"2024.11.08"	-5990		"Мои деньги"	"Здоровье"	""	"CBD"
"2024.11.07"	-2157		"Мои деньги"	"Коммуналка"	""	"Интернет"
"2024.11.06"	-110		"Мои деньги"	"Продукты"	""	""
"2024.11.06"	-707		"Мои деньги"	"Транспорт"	""	"Такси"
"2024.11.05"	-50		"Мои деньги"	"Чаевые"	""	"Такси"
"2024.11.04"	-663		"Мои деньги"	"Транспорт"	""	"Такси"
"2024.11.04"	-183		"Мои деньги"	"Досуг"	""	""
"2024.11.03"	-654		"Мои деньги"	"Транспорт"	""	"Такси"
"2024.11.03"	-63		"Мои деньги"	"Продукты"	""	"Вода"
"2024.11.03"	-3000		"Мои деньги"	"Долги"	""	"Никита"
"2024.11.02"	-4420		"Мои деньги"	"Красота"	""	"Dm"
"2024.11.02"	-854		"Мои деньги"	"Продукты"	""	""
"2024.11.01"	-280		"Мои деньги"	"Связь и подписки"	""	"Альта"
"2024.11.01"	-495		"Мои деньги"	"Транспорт"	""	""
"2024.10.31"	-12886		"Мои деньги"	"Отпуск|путешествия"	""	"2 сеанса массажа"
"2024.10.31"	-5857		"Мои деньги"	"Отпуск|путешествия"	""	"Чаевые"
"2024.10.31"	-4686		"Мои деньги"	"Отпуск|путешествия"	""	"Сеанс массажа"
"2024.10.31"	-1171		"Мои деньги"	"Отпуск|путешествия"	""	"Бильярд"
"2024.10.27"	-2096		"Мои деньги"	"Отпуск|путешествия"	""	""
"2024.10.27"	-5823		"Мои деньги"	"Чаевые"	""	""
"2024.10.24"	-380		"Мои деньги"	"Продукты"	""	""
"2024.10.24"	-880		"Мои деньги"	"Досуг"	""	""
"2024.10.24"	-650		"Мои деньги"	"Еда"	""	""
"2024.10.24"	-495		"Мои деньги"	"Транспорт"	""	""
"2024.10.23"	-200		"Мои деньги"	"Чаевые"	""	""
"2024.10.23"	-1300		"Мои деньги"	"Досуг"	""	""
"2024.10.23"	-357		"Мои деньги"	"Отпуск|путешествия"	""	"Турция симка"
"2024.10.23"	-3490		"Мои деньги"	"Техника"	""	"Насадка для бритвы"
"2024.10.23"	-67		"Мои деньги"	"Продукты"	""	""
"2024.10.22"	-495		"Мои деньги"	"Транспорт"	""	""
"2024.10.22"	-500		"Мои деньги"	"Связь и подписки"	""	"Yettel"
"2024.10.22"	-1144		"Мои деньги"	"Еда"	""	""
"2024.10.22"	-495		"Мои деньги"	"Транспорт"	""	""
"2024.10.20"	-2000		"Мои деньги"	"Красота"	""	"Стрижка"
"2024.10.20"	-2151		"Мои деньги"	"Связь и подписки"	""	"GPT"
"2024.10.20"	-565		"Мои деньги"	"Связь и подписки"	""	"МТС"
"2024.10.18"	-1090		"Мои деньги"	"Еда"	""	""
"2024.10.16"	-50		"Мои деньги"	"Чаевые"	""	"Такси"
"2024.10.16"	-654		"Мои деньги"	"Транспорт"	""	"Такси"
"2024.10.16"	-225		"Мои деньги"	"Досуг"	""	""
"2024.10.16"	-815		"Мои деньги"	"Еда"	""	""
"2024.10.15"	-1218		"Мои деньги"	"Еда"	""	""
"2024.10.15"	-960		"Мои деньги"	"Транспорт"	""	""
"2024.10.13"	-647		"Мои деньги"	"Транспорт"	""	""
"2024.10.13"	-450		"Мои деньги"	"Досуг"	""	""
"2024.10.13"	-16000		"Мои деньги"	"Коммуналка"	""	""
"2024.10.13"	-2500		"Мои деньги"	"Досуг"	""	""
"2024.10.11"	-9415		"Мои деньги"	"Техника"	""	"Чехлы для айфона и подсов"
"2024.10.09"	-400		"Мои деньги"	"Чаевые"	""	"Арена"
"2024.10.09"	-1170		"Мои деньги"	"Досуг"	""	""
"2024.10.08"	-1300		"Мои деньги"	"Коммуналка"	""	"Интернет"
"2024.10.08"	-4400		"Мои деньги"	"Здоровье"	""	""
"2024.10.08"	-100		"Мои деньги"	"Чаевые"	""	"Jigger"
"2024.10.08"	-1200		"Мои деньги"	"Еда"	""	""
"2024.10.08"	-20		"Мои деньги"	"Здоровье"	""	""
"2024.10.06"	-4900		"Мои деньги"	"Здоровье"	""	""
"2024.10.06"	-1295		"Мои деньги"	"Здоровье"	""	""
"2024.10.06"	-712		"Мои деньги"	"Транспорт"	""	""
"2024.10.06"	-650		"Мои деньги"	"Транспорт"	""	"Такси"
"2024.10.06"	-450		"Мои деньги"	"Досуг"	""	""
"2024.10.06"	-1250		"Мои деньги"	"Досуг"	""	""
"2024.10.06"	-500		"Мои деньги"	"Связь и подписки"	""	"Yettel"
"2024.10.05"	-1020		"Мои деньги"	"Еда"	""	""
"2024.10.05"	-1125		"Мои деньги"	"Подарки"	""	"Ира др"
"2024.10.04"	-1750		"Мои деньги"	"Еда"	""	""
"2024.10.04"	-1010		"Мои деньги"	"Еда"	""	""
"2024.10.04"	-1100		"Мои деньги"	"Транспорт"	""	""
"2024.10.04"	-450		"Мои деньги"	"Досуг"	""	""
"2024.10.03"	-350		"Мои деньги"	"Еда"	""	""
"2024.10.03"	-400		"Мои деньги"	"Досуг"	""	""
"2024.10.02"	-350		"Мои деньги"	"Еда"	""	""
"2024.10.01"	-724		"Мои деньги"	"Транспорт"	""	"Такси"
"2024.09.29"	-280		"Мои деньги"	"Досуг"	""	""
"2024.09.29"	-1500		"Мои деньги"	"Досуг"	""	""
"2024.09.29"	-1000		"Мои деньги"	"Еда"	""	""
"2024.09.29"	-710		"Мои деньги"	"Транспорт"	""	"Такси"
"2024.09.29"	-8055		"Мои деньги"	"Связь и подписки"	""	"Накопившиеся расходы по российской карте"
"2024.09.29"	-3202		"Мои деньги"	"Подарки"	""	"Др мамы, массажер"
"2024.09.29"	-212113		"Мои деньги"	"Отпуск|путешествия"	""	"Турция тур"
"2024.09.27"	-1270		"Мои деньги"	"Еда"	""	""
"2024.09.27"	-1500		"Мои деньги"	"Связь и подписки"	""	""
"2024.09.27"	-906		"Мои деньги"	"Транспорт"	""	""
"2024.09.26"	-851		"Мои деньги"	"Продукты"	""	""
"2024.09.26"	-699		"Мои деньги"	"Транспорт"	""	"Такси"
"2024.09.23"	-165		"Мои деньги"	"Продукты"	""	""
"2024.09.23"	-5830		"Мои деньги"	"Коммуналка"	""	""
"2024.09.21"	-430		"Мои деньги"	"Еда"	""	""
"2024.09.21"	-500		"Мои деньги"	"Транспорт"	""	"Такси"
"2024.09.21"	-1600		"Мои деньги"	"Досуг"	""	""
"2024.09.21"	-3200		"Мои деньги"	"Еда"	""	""
"2024.09.21"	-1000		"Мои деньги"	"Транспорт"	""	"Такси"
"2024.09.21"	-963		"Мои деньги"	"Транспорт"	""	""
"2024.09.20"	-480		"Мои деньги"	"Досуг"	""	""
"2024.09.20"	-3100		"Мои деньги"	"Коммуналка"	""	""
"2024.09.20"	-1000		"Мои деньги"	"Еда"	""	""
"2024.09.20"	-121		"Мои деньги"	"Здоровье"	""	""
"2024.09.20"	-712		"Мои деньги"	"Транспорт"	""	""
"2024.09.20"	-906		"Мои деньги"	"Транспорт"	""	""
"2024.09.19"	-80		"Мои деньги"	"Продукты"	""	""
"2024.09.17"	-4194		"Мои деньги"	"Еда"	""	""
"2024.09.17"	-989		"Мои деньги"	"Досуг"	""	""
"2024.09.16"	-813		"Мои деньги"	"Транспорт"	""	"Такси"
"2024.09.16"	-1450		"Мои деньги"	"Досуг"	""	""
"2024.09.15"	-621		"Мои деньги"	"Транспорт"	""	"Такси"
"2024.09.15"	-3215		"Мои деньги"	"Еда"	""	""
"2024.09.15"	-895		"Мои деньги"	"Продукты"	""	""
"2024.09.12"	-4600		"Мои деньги"	"Одежда"	""	"Куртка"
"2024.09.12"	-2700		"Мои деньги"	"Техника"	""	"Чехол"
"2024.09.12"	-8000		"Мои деньги"	"Техника"	""	""
"2024.09.12"	-550		"Мои деньги"	"Еда"	""	""
"2024.09.12"	-152100		"Мои деньги"	"Техника"	""	"Айфон"
"2024.09.09"	-681		"Мои деньги"	"Транспорт"	""	"Такси"
"2024.09.09"	-80		"Мои деньги"	"Продукты"	""	""
"2024.09.09"	-490		"Мои деньги"	"Досуг"	""	""
"2024.09.09"	-1100		"Мои деньги"	"Транспорт"	""	""
"2024.09.07"	-909		"Мои деньги"	"Транспорт"	""	"Такси"
"2024.09.07"	-1300		"Мои деньги"	"Коммуналка"	""	"Интернет"
"2024.09.06"	-2700		"Мои деньги"	"Досуг"	""	"Арена"
"2024.09.06"	-500		"Мои деньги"	"Чаевые"	""	"Арена"
"2024.09.06"	-1748		"Мои деньги"	"Досуг"	""	"Электронка"
"2024.09.06"	-1500		"Мои деньги"	"Связь и подписки"	""	""
"2024.09.05"	-1180		"Мои деньги"	"Еда"	""	"KFC"
"2024.09.05"	-906		"Мои деньги"	"Транспорт"	""	""
"2024.09.04"	-300		"Мои деньги"	"Досуг"	""	""
"2024.09.04"	-800		"Мои деньги"	"Транспорт"	""	"Такси"
"2024.09.04"	-650		"Мои деньги"	"Еда"	""	""
"2024.09.02"	-675		"Мои деньги"	"Досуг"	""	""
"2024.09.02"	-730		"Мои деньги"	"Продукты"	""	""
"2024.08.30"	-902		"Мои деньги"	"Транспорт"	""	"Такси"
"2024.08.30"	-2000		"Мои деньги"	"Досуг"	""	"Арена"
"2024.08.29"	-1340		"Мои деньги"	"Еда"	""	"KFC"
"2024.08.29"	-500		"Мои деньги"	"Транспорт"	""	"Такси"
"2024.08.29"	-780		"Мои деньги"	"Транспорт"	""	""
"2024.08.27"	-5040		"Мои деньги"	"Коммуналка"	""	"Электричество"
"2024.08.27"	-140		"Мои деньги"	"Продукты"	""	""
"2024.08.26"	-12000		"Мои деньги"	"Здоровье"	""	"Удаление зуба"
"2024.08.26"	-700		"Мои деньги"	"Еда"	""	""
"2024.08.26"	-4000		"Мои деньги"	"Досуг"	""	""
"2024.08.24"	-80		"Мои деньги"	"Продукты"	""	""
"2024.08.24"	-690		"Мои деньги"	"Транспорт"	""	"Такси"
"2024.08.24"	-4300		"Мои деньги"	"Досуг"	""	"Арена"
"2024.08.22"	-5100		"Мои деньги"	"Техника"	""	"Триммер"
"2024.08.22"	-940		"Мои деньги"	"Досуг"	""	""
"2024.08.22"	-1260		"Мои деньги"	"Еда"	""	"KFC"
"2024.08.22"	-962		"Мои деньги"	"Транспорт"	""	""
"2024.08.21"	-3750		"Мои деньги"	"Коммуналка"	""	""
"2024.08.21"	-455		"Мои деньги"	"Продукты"	""	""
"2024.08.19"	-2000		"Мои деньги"	"Досуг"	""	"Arena"
"2024.08.17"	-800		"Мои деньги"	"Досуг"	""	""
"2024.08.17"	-322		"Мои деньги"	"Досуг"	""	""
"2024.08.17"	-145		"Мои деньги"	"Продукты"	""	""
"2024.08.17"	-2070		"Мои деньги"	"Еда"	""	""
"2024.08.17"	-3510		"Мои деньги"	"Досуг"	""	""
"2024.08.16"	-435		"Мои деньги"	"Продукты"	""	""
"2024.08.15"	-1050		"Мои деньги"	"Еда"	""	"KFC"
"2024.08.15"	-340		"Мои деньги"	"Еда"	""	""
"2024.08.15"	-780		"Мои деньги"	"Транспорт"	""	""
"2024.08.15"	-230		"Мои деньги"	"Досуг"	""	""
"2024.08.14"	-1500		"Мои деньги"	"Досуг"	""	"Арена"
"2024.08.12"	-180		"Мои деньги"	"Чаевые"	""	"Арена"
"2024.08.12"	-855		"Мои деньги"	"Досуг"	""	"Арена"
"2024.08.11"	-1384		"Мои деньги"	"Досуг"	""	"RP"
"2024.08.10"	-825		"Мои деньги"	"Транспорт"	""	""
"2024.08.09"	-1150		"Мои деньги"	"Еда"	""	"KFC"
"2024.08.09"	-1950		"Мои деньги"	"Дом"	""	"Полотенце"
"2024.08.09"	-780		"Мои деньги"	"Транспорт"	""	""
"2024.08.08"	-628		"Мои деньги"	"Транспорт"	""	"Такси"
"2024.08.08"	-950		"Мои деньги"	"Еда"	""	"KFC"
"2024.08.08"	-360		"Мои деньги"	"Досуг"	""	""
"2024.08.08"	-780		"Мои деньги"	"Транспорт"	""	""
"2024.08.07"	-1500		"Мои деньги"	"Связь и подписки"	""	""
"2024.08.07"	-1900		"Мои деньги"	"Красота"	""	"DM"
"2024.08.07"	-100		"Мои деньги"	"Чаевые"	""	"Арена"
"2024.08.07"	-1450		"Мои деньги"	"Досуг"	""	"Арена"
"2024.08.06"	-4800		"Мои деньги"	"Техника"	""	"Триммер и батарейки"
"2024.08.06"	-2388		"Мои деньги"	"Красота"	""	"DM"
"2024.08.06"	-1750		"Мои деньги"	"Досуг"	""	"Электронка"
"2024.08.06"	-100		"Мои деньги"	"Чаевые"	""	"Стрижка"
"2024.08.06"	-1500		"Мои деньги"	"Красота"	""	"Стрижка"
"2024.08.05"	-12000		"Мои деньги"	"Здоровье"	""	"Ударение зуба"
"2024.08.03"	-680		"Мои деньги"	"Досуг"	""	""
"2024.08.03"	-500		"Мои деньги"	"Досуг"	""	"Пиво"
"2024.08.03"	-2370		"Мои деньги"	"Досуг"	""	"Боулинг"
"2024.08.02"	-780		"Мои деньги"	"Досуг"	""	""
"2024.08.02"	-1260		"Мои деньги"	"Еда"	""	"KFC"
"2024.08.02"	-780		"Мои деньги"	"Транспорт"	""	""
"2024.08.01"	-280		"Мои деньги"	"Коммуналка"	""	"Альта"
"2024.07.31"	-22000		"Мои деньги"	"Здоровье"	""	"Отбеливание"
"2024.07.31"	-126		"Мои деньги"	"Продукты"	""	""
"2024.07.31"	-870		"Мои деньги"	"Еда"	""	"Мак"
"2024.07.30"	-4078		"Мои деньги"	"Здоровье"	""	"Зубной гель и паста от прыщей"
"2024.07.27"	-713		"Мои деньги"	"Транспорт"	""	"Такси"
"2024.07.27"	-60		"Мои деньги"	"Продукты"	""	""
"2024.07.27"	-192		"Мои деньги"	"Продукты"	""	""
"2024.07.27"	-1200		"Мои деньги"	"Еда"	""	"Мак"
"2024.07.27"	-2500		"Мои деньги"	"Досуг"	""	"Бильярд"
"2024.07.25"	-4500		"Мои деньги"	"Здоровье"	""	"Лечение кариеса"
"2024.07.25"	-1245		"Мои деньги"	"Досуг"	""	""
"2024.07.25"	-2374		"Мои деньги"	"Коммуналка"	""	"Электричество"
"2024.07.24"	-9000		"Мои деньги"	"Здоровье"	""	"Лечение 2 кариесов"
"2024.07.24"	-1010		"Мои деньги"	"Еда"	""	"Мак"
"2024.07.23"	-827		"Мои деньги"	"Транспорт"	""	"Такси"
"2024.07.23"	-250		"Мои деньги"	"Чаевые"	""	"Арена"
"2024.07.23"	-1458		"Мои деньги"	"Досуг"	""	"Арена"
"2024.07.21"	-683		"Мои деньги"	"Транспорт"	""	"Такси"
"2024.07.20"	-170		"Мои деньги"	"Еда"	""	"Кофе"
"2024.07.20"	-350		"Мои деньги"	"Еда"	""	"Огниште"
"2024.07.20"	-750		"Мои деньги"	"Досуг"	""	"Бильярд"
"2024.07.20"	-212		"Мои деньги"	"Продукты"	""	"Вода"
"2024.07.20"	-2300		"Мои деньги"	"Здоровье"	""	"Рентген челюсти"
"2024.07.20"	-55		"Мои деньги"	"Продукты"	""	"Вода"
"2024.07.20"	-333		"Мои деньги"	"Здоровье"	""	"Лоперамид"
"2024.07.19"	-998		"Мои деньги"	"Досуг"	""	""
"2024.07.19"	-850		"Мои деньги"	"Коммуналка"	""	"Газ"
"2024.07.19"	-780		"Мои деньги"	"Транспорт"	""	""
"2024.07.17"	-960		"Мои деньги"	"Досуг"	""	""
"2024.07.17"	-850		"Мои деньги"	"Транспорт"	""	"Такси"
"2024.07.17"	-90		"Мои деньги"	"Чаевые"	""	"Арена"
"2024.07.17"	-900		"Мои деньги"	"Еда"	""	"Арена"
"2024.07.17"	-29250		"Мои деньги"	"Техника"	""	"AirPods"
"2024.07.17"	-7500		"Мои деньги"	"Здоровье"	""	"Чистка зубов"
"2024.07.16"	-1000		"Мои деньги"	"Еда"	""	"KFC"
"2024.07.16"	-510		"Мои деньги"	"Еда"	""	"Мак"
"2024.07.16"	-1020		"Мои деньги"	"Транспорт"	""	""
"2024.07.15"	-700		"Мои деньги"	"Досуг"	""	""
"2024.07.14"	-835		"Мои деньги"	"Досуг"	""	""
"2024.07.14"	-3100		"Мои деньги"	"Коммуналка"	""	"Информатика"
"2024.07.13"	-60		"Мои деньги"	"Еда"	""	""
"2024.07.13"	-200		"Мои деньги"	"Чаевые"	""	"Код брке"
"2024.07.13"	-2450		"Мои деньги"	"Еда"	""	"Код брке"
"2024.07.12"	-711		"Мои деньги"	"Транспорт"	""	"Такси"
"2024.07.12"	-80		"Мои деньги"	"Чаевые"	""	"Такси"
"2024.07.12"	-845		"Мои деньги"	"Досуг"	""	""
"2024.07.12"	-200		"Мои деньги"	"Досуг"	""	""
"2024.07.12"	-1000		"Мои деньги"	"Связь и подписки"	""	""
"2024.07.12"	-962		"Мои деньги"	"Транспорт"	""	""
"2024.07.10"	-675		"Мои деньги"	"Транспорт"	""	"Такси"
"2024.07.10"	-450		"Мои деньги"	"Досуг"	""	""
"2024.07.10"	-200		"Мои деньги"	"Чаевые"	""	"Арена"
"2024.07.10"	-1020		"Мои деньги"	"Досуг"	""	"Арена"
"2024.07.07"	-500		"Мои деньги"	"Связь и подписки"	""	""
"2024.07.07"	-6500		"Мои деньги"	"Подарки"	""	""
"2024.07.07"	-339		"Мои деньги"	"Досуг"	""	""
"2024.07.07"	-649		"Мои деньги"	"Дом"	""	"Отбеливатель"
"2024.07.07"	-200		"Мои деньги"	"Чаевые"	""	"Код брке"
"2024.07.07"	-1600		"Мои деньги"	"Еда"	""	"Код брке"
"2024.07.05"	-585		"Мои деньги"	"Досуг"	""	""
"2024.07.05"	-1300		"Мои деньги"	"Коммуналка"	""	"Интернет"
"2024.07.05"	-160		"Мои деньги"	"Еда"	""	""
"2024.07.05"	-824		"Мои деньги"	"Еда"	""	"Поке"
"2024.07.05"	-427		"Мои деньги"	"Здоровье"	""	"Диклофенак"
"2024.07.05"	-430		"Мои деньги"	"Еда"	""	"Мак"
"2024.07.04"	-820		"Мои деньги"	"Еда"	""	"Поке"
"2024.07.04"	-780		"Мои деньги"	"Транспорт"	""	""
"2024.07.03"	-840		"Мои деньги"	"Досуг"	""	""
"2024.07.01"	-200		"Мои деньги"	"Чаевые"	""	"Arena"
"2024.07.01"	-1089		"Мои деньги"	"Досуг"	""	"Arena"
"2024.07.01"	-280		"Мои деньги"	"Коммуналка"	""	"Альта"
"2024.06.29"	-999		"Мои деньги"	"Подарки"	""	"Бокалы"
"2024.06.29"	-200		"Мои деньги"	"Чаевые"	""	"Стрижка"
"2024.06.29"	-1800		"Мои деньги"	"Красота"	""	"Стрижка"
"2024.06.29"	-50		"Мои деньги"	"Чаевые"	""	"Код брке"
"2024.06.29"	-1300		"Мои деньги"	"Еда"	""	"Код брке"
"2024.06.28"	-550		"Мои деньги"	"Еда"	""	""
"2024.06.27"	-692		"Мои деньги"	"Еда"	""	""
"2024.06.27"	-4000		"Мои деньги"	"Транспорт"	""	"Нови сад"
"2024.06.27"	-780		"Мои деньги"	"Транспорт"	""	""
"2024.06.26"	-600		"Мои деньги"	"Досуг"	""	""
"2024.06.26"	-300		"Мои деньги"	"Здоровье"	""	""
"2024.06.26"	-740		"Мои деньги"	"Чаевые"	""	"Арена"
"2024.06.26"	-1260		"Мои деньги"	"Досуг"	""	"Арена"
"2024.06.26"	-900		"Мои деньги"	"Транспорт"	""	"Такси"
"2024.06.25"	-950		"Мои деньги"	"Досуг"	""	""
"2024.06.24"	-2000		"Мои деньги"	"Досуг"	""	"Арена"
"2024.06.24"	-670		"Мои деньги"	"Транспорт"	""	"Такси"
"2024.06.24"	-600		"Мои деньги"	"Досуг"	""	"Никите"
"2024.06.24"	-100		"Мои деньги"	"Чаевые"	""	"Арена"
"2024.06.23"	-808		"Мои деньги"	"Досуг"	""	""
"2024.06.21"	-1297		"Мои деньги"	"Еда"	""	"KFC"
"2024.06.21"	-836		"Мои деньги"	"Досуг"	""	""
"2024.06.21"	-678		"Мои деньги"	"Транспорт"	""	"Такси"
"2024.06.21"	-600		"Мои деньги"	"Еда"	""	""
"2024.06.21"	-160		"Мои деньги"	"Продукты"	""	""
"2024.06.21"	-700		"Мои деньги"	"Связь и подписки"	""	""
"2024.06.21"	-780		"Мои деньги"	"Транспорт"	""	""
"2024.06.20"	-680		"Мои деньги"	"Досуг"	""	""
"2024.06.20"	-1000		"Мои деньги"	"Еда"	""	"KFC"
"2024.06.20"	-780		"Мои деньги"	"Транспорт"	""	""
"2024.06.19"	-580		"Мои деньги"	"Еда"	""	"Китайская"
"2024.06.19"	-3096		"Мои деньги"	"Коммуналка"	""	"Информатика"
"2024.06.17"	-30		"Мои деньги"	"Чаевые"	""	"Arena pub"
"2024.06.17"	-459		"Мои деньги"	"Еда"	""	"Arena pub"
"2024.06.17"	-15520		"Мои деньги"	"Здоровье"	""	"Витамины"
"2024.06.17"	-1291		"Мои деньги"	"Коммуналка"	""	"Газ"
"2024.06.15"	-2507		"Мои деньги"	"Коммуналка"	""	"Электричество"
"2024.06.15"	-935		"Мои деньги"	"Продукты"	""	""
"2024.06.14"	-600		"Мои деньги"	"Еда"	""	"Огниште"
"2024.06.14"	-699		"Мои деньги"	"Здоровье"	""	"Пробиотик"
"2024.06.13"	-333		"Мои деньги"	"Транспорт"	""	"Такси"
"2024.06.13"	-930		"Мои деньги"	"Еда"	""	"KFC"
"2024.06.13"	-780		"Мои деньги"	"Транспорт"	""	""
"2024.06.10"	-20		"Мои деньги"	"Чаевые"	""	"Arena pub"
"2024.06.10"	-261		"Мои деньги"	"Досуг"	""	""
"2024.06.10"	-160		"Мои деньги"	"Еда"	""	"Вода"
"2024.06.10"	-850		"Мои деньги"	"Еда"	""	"KFC"
"2024.06.10"	-962		"Мои деньги"	"Транспорт"	""	""
"2024.06.08"	-2455		"Мои деньги"	"Еда"	""	"KFC"
"2024.06.08"	-775		"Мои деньги"	"Досуг"	""	""
"2024.06.08"	-686		"Мои деньги"	"Транспорт"	""	"Такси"
"2024.06.07"	-240		"Мои деньги"	"Еда"	""	"Чипсы"
"2024.06.07"	-780		"Мои деньги"	"Транспорт"	""	""
"2024.06.05"	-1300		"Мои деньги"	"Коммуналка"	""	"Интернет"
"2024.06.04"	-280		"Мои деньги"	"Коммуналка"	""	"Альта"
"2024.06.03"	-780		"Мои деньги"	"Транспорт"	""	""
"2024.06.01"	-738		"Мои деньги"	"Транспорт"	""	"Такси"
"2024.06.01"	-727		"Мои деньги"	"Досуг"	""	""
"2024.06.01"	-1560		"Мои деньги"	"Досуг"	""	""
"2024.06.01"	-11896		"Мои деньги"	"Одежда"	""	""
"2024.06.01"	-999		"Мои деньги"	"Красота"	""	""
"2024.06.01"	-25411		"Мои деньги"	"Одежда"	""	""
"2024.05.31"	-959		"Мои деньги"	"Досуг"	""	""
"2024.05.30"	-780		"Мои деньги"	"Транспорт"	""	""
"2024.05.27"	-885		"Мои деньги"	"Транспорт"	""	"Такси"
"2024.05.25"	-500		"Мои деньги"	"Чаевые"	""	"Стрижка"
"2024.05.25"	-1500		"Мои деньги"	"Красота"	""	"Стрижка"
"2024.05.25"	-300		"Мои деньги"	"Чаевые"	""	"Arena"
"2024.05.25"	-2268		"Мои деньги"	"Досуг"	""	"Arena"
"2024.05.25"	-1785		"Мои деньги"	"Красота"	""	"DM"
"2024.05.25"	-290		"Мои деньги"	"Здоровье"	""	""
"2024.05.24"	-350		"Мои деньги"	"Еда"	""	""
"2024.05.24"	-1282		"Мои деньги"	"Коммуналка"	""	"Газ"
"2024.05.23"	-780		"Мои деньги"	"Транспорт"	""	""
"2024.05.22"	-2684		"Мои деньги"	"Коммуналка"	""	""
"2024.05.22"	-950		"Мои деньги"	"Продукты"	""	""
"2024.05.22"	-700		"Мои деньги"	"Связь и подписки"	""	""
"2024.05.22"	-962		"Мои деньги"	"Транспорт"	""	""
"2024.05.19"	-1672		"Мои деньги"	"Досуг"	""	""
"2024.05.19"	-685		"Мои деньги"	"Транспорт"	""	"Такси"
"2024.05.19"	-262		"Мои деньги"	"Здоровье"	""	"Антисептик"
"2024.05.18"	-350		"Мои деньги"	"Еда"	""	""
"2024.05.17"	-1267		"Мои деньги"	"Еда"	""	""
"2024.05.17"	-747		"Мои деньги"	"Транспорт"	""	"Такси"
"2024.05.17"	-750		"Мои деньги"	"Досуг"	""	"Пиво"
"2024.05.17"	-12019		"Мои деньги"	"Подарки"	""	"Фен"
"2024.05.17"	-22918		"Мои деньги"	"Одежда"	""	"Кроссовки"
"2024.05.16"	-780		"Мои деньги"	"Транспорт"	""	""
"2024.05.14"	-780		"Мои деньги"	"Транспорт"	""	""
"2024.05.12"	-2000		"Мои деньги"	"Транспорт"	""	"Визаран"
"2024.05.12"	-1680		"Мои деньги"	"Досуг"	""	"KFC"
"2024.05.10"	-2457		"Мои деньги"	"Досуг"	""	"Arena"
"2024.05.10"	-2000		"Мои деньги"	"Чаевые"	""	"Стендап"
"2024.05.10"	-615		"Мои деньги"	"Транспорт"	""	"Такси"
"2024.05.10"	-300		"Мои деньги"	"Чаевые"	""	"Arena"
"2024.05.10"	-108		"Мои деньги"	"Продукты"	""	""
"2024.05.09"	-200		"Мои деньги"	"Досуг"	""	""
"2024.05.08"	-500		"Мои деньги"	"Досуг"	""	""
"2024.05.08"	-5018		"Мои деньги"	"Коммуналка"	""	"Газ"
"2024.05.08"	-2895		"Мои деньги"	"Красота"	""	"DM"
"2024.05.06"	-962		"Мои деньги"	"Транспорт"	""	""
"2024.05.05"	-1300		"Мои деньги"	"Коммуналка"	""	"Интернет"
"2024.05.03"	-7050		"Мои деньги"	"Здоровье"	""	"Прием уролог"
"2024.05.03"	-1200		"Мои деньги"	"Транспорт"	""	"Такси"
"2024.05.03"	-500		"Мои деньги"	"Чаевые"	""	"Arena pub"
"2024.05.03"	-2673		"Мои деньги"	"Досуг"	""	"Arena pub"
"2024.05.03"	-962		"Мои деньги"	"Транспорт"	""	""
"2024.04.27"	-200		"Мои деньги"	"Чаевые"	""	"Стрижка"
"2024.04.27"	-1500		"Мои деньги"	"Красота"	""	"Стрижка"
"2024.04.27"	-80		"Мои деньги"	"Чаевые"	""	"Arena pub"
"2024.04.27"	-1269		"Мои деньги"	"Досуг"	""	"Arena pub"
"2024.04.26"	-3000		"Мои деньги"	"Досуг"	""	""
"2024.04.26"	-780		"Мои деньги"	"Транспорт"	""	""
"2024.04.25"	-780		"Мои деньги"	"Транспорт"	""	""
"2024.04.23"	-1742		"Мои деньги"	"Коммуналка"	""	"Электричество"
"2024.04.23"	-37500		"Мои деньги"	"Одежда"	""	"Очки"
"2024.04.23"	-1750		"Мои деньги"	"Досуг"	""	""
"2024.04.20"	-432		"Мои деньги"	"Продукты"	""	""
"2024.04.19"	-1750		"Мои деньги"	"Досуг"	""	""
"2024.04.18"	-880		"Мои деньги"	"Досуг"	""	""
"2024.04.17"	-780		"Мои деньги"	"Транспорт"	""	""
"2024.04.16"	-962		"Мои деньги"	"Транспорт"	""	""
"2024.04.16"	-350		"Мои деньги"	"Здоровье"	""	"Бруфен"
"2024.04.14"	-600		"Мои деньги"	"Досуг"	""	""
"2024.04.14"	-1530		"Мои деньги"	"Досуг"	""	""
"2024.04.14"	-2000		"Мои деньги"	"Транспорт"	""	""
"2024.04.13"	-3453		"Мои деньги"	"Досуг"	""	""
"2024.04.13"	-1000		"Мои деньги"	"Чаевые"	""	"Arena pub"
"2024.04.12"	-1000		"Мои деньги"	"Связь и подписки"	""	""
"2024.04.12"	-780		"Мои деньги"	"Транспорт"	""	""
"2024.04.11"	-780		"Мои деньги"	"Транспорт"	""	""
"2024.04.09"	-1300		"Мои деньги"	"Коммуналка"	""	"Интернет"
"2024.04.07"	-2798		"Мои деньги"	"Досуг"	""	"Дудки"
"2024.04.07"	-3035		"Мои деньги"	"Красота"	""	"DM"
"2024.04.07"	-1070		"Мои деньги"	"Еда"	""	""
"2024.04.05"	-4323		"Мои деньги"	"Досуг"	""	"Arena pub Андрей"
"2024.04.03"	-780		"Мои деньги"	"Транспорт"	""	""
"2024.04.01"	-24027		"Мои деньги"	"Дом"	""	"Стол"
"2024.04.01"	-280		"Мои деньги"	"Коммуналка"	""	"Alta bank"
"2024.04.01"	-780		"Мои деньги"	"Транспорт"	""	""
"2024.03.31"	-1171		"Мои деньги"	"Досуг"	""	"RIOT"
"2024.03.30"	-200		"Мои деньги"	"Чаевые"	""	"Arena pub"
"2024.03.30"	-2312		"Мои деньги"	"Досуг"	""	"Arena pub"
"2024.03.30"	-663		"Мои деньги"	"Транспорт"	""	"Такси"
"2024.03.29"	-1370		"Мои деньги"	"Еда"	""	"Мак"
"2024.03.29"	-665		"Мои деньги"	"Транспорт"	""	"Такси"
"2024.03.29"	-780		"Мои деньги"	"Транспорт"	""	""
"2024.03.28"	-780		"Мои деньги"	"Транспорт"	""	""
"2024.03.27"	-5900		"Мои деньги"	"Коммуналка"	""	"Электричество"
"2024.03.27"	-780		"Мои деньги"	"Транспорт"	""	""
"2024.03.23"	-500		"Мои деньги"	"Связь и подписки"	""	""
"2024.03.23"	-2500		"Мои деньги"	"Досуг"	""	"Виски Jameson 0,7"
"2024.03.23"	-717		"Мои деньги"	"Продукты"	""	""
"2024.03.20"	-780		"Мои деньги"	"Транспорт"	""	""
"2024.03.19"	-780		"Мои деньги"	"Транспорт"	""	""
"2024.03.18"	-780		"Мои деньги"	"Транспорт"	""	""
"2024.03.17"	-1330		"Мои деньги"	"Еда"	""	"KFC"
"2024.03.17"	-6470		"Мои деньги"	"Коммуналка"	""	"Газ"
"2024.03.17"	-170		"Мои деньги"	"Еда"	""	"Donut минералка"
"2024.03.16"	-2760		"Мои деньги"	"Досуг"	""	"ArenaPub"
"2024.03.16"	-920		"Мои деньги"	"Транспорт"	""	"Такси"
"2024.03.15"	-1120		"Мои деньги"	"Еда"	""	""
"2024.03.15"	-780		"Мои деньги"	"Транспорт"	""	""
"2024.03.14"	-962		"Мои деньги"	"Транспорт"	""	""
"2024.03.13"	-780		"Мои деньги"	"Транспорт"	""	""
"2024.03.12"	-1300		"Мои деньги"	"Коммуналка"	""	"Интернет"
"2024.03.12"	-780		"Мои деньги"	"Транспорт"	""	""
"2024.03.11"	-780		"Мои деньги"	"Транспорт"	""	""
"2024.03.07"	-1265		"Мои деньги"	"Еда"	""	""
"2024.03.07"	-780		"Мои деньги"	"Транспорт"	""	""
"2024.03.06"	-780		"Мои деньги"	"Транспорт"	""	""
"2024.03.05"	-780		"Мои деньги"	"Транспорт"	""	""
"2024.03.04"	-780		"Мои деньги"	"Транспорт"	""	""
"2024.03.02"	-1700		"Мои деньги"	"Красота"	""	"Стрижка"
"2024.03.02"	-47580		"Мои деньги"	"Здоровье"	""	"Витамины"
"2024.03.01"	-834		"Мои деньги"	"Еда"	""	""
"2024.03.01"	-1635		"Мои деньги"	"Подарки"	""	"Конфеты"
"2024.03.01"	-780		"Мои деньги"	"Транспорт"	""	""
"2024.02.29"	-780		"Мои деньги"	"Транспорт"	""	""
"2024.02.28"	-780		"Мои деньги"	"Транспорт"	""	""
"2024.02.27"	-780		"Мои деньги"	"Транспорт"	""	""
"2024.02.26"	-780		"Мои деньги"	"Транспорт"	""	""
"2024.02.26"	-2500		"Мои деньги"	"Связь и подписки"	""	"Транспорт Белграда"
"2024.02.22"	-3110		"Мои деньги"	"Продукты"	""	""
"2024.02.22"	-780		"Мои деньги"	"Транспорт"	""	""
"2024.02.21"	-780		"Мои деньги"	"Транспорт"	""	""
"2024.02.20"	-780		"Мои деньги"	"Транспорт"	""	""
"2024.02.19"	-780		"Мои деньги"	"Транспорт"	""	""
"2024.02.18"	-2000		"Мои деньги"	"Транспорт"	""	"Визаран"
"2024.02.13"	-6000		"Мои деньги"	"Здоровье"	""	"Операция"
"2024.02.13"	-430		"Мои деньги"	"Транспорт"	""	""
"2024.02.12"	-1710		"Мои деньги"	"Еда"	""	"Мак"
"2024.02.12"	-780		"Мои деньги"	"Транспорт"	""	""
"2024.02.11"	-770		"Мои деньги"	"Красота"	""	"Крем для депиляции"
"2024.02.09"	-780		"Мои деньги"	"Транспорт"	""	""
"2024.02.08"	-780		"Мои деньги"	"Транспорт"	""	""
"2024.02.07"	-780		"Мои деньги"	"Транспорт"	""	""
"2024.02.07"	-2000		"Мои деньги"	"Транспорт"	""	"NS Smart"
"2024.02.06"	-4900		"Мои деньги"	"Здоровье"	""	"Прием уролога"
"2024.02.06"	-780		"Мои деньги"	"Транспорт"	""	""
"2024.02.05"	-780		"Мои деньги"	"Транспорт"	""	""
"2024.02.04"	-500		"Мои деньги"	"Одежда"	""	"Носки три пары"
"2024.02.04"	-6160		"Мои деньги"	"Техника"	""	"Чехол IPhone
Зарядка USB
Зарядка Type-C
Провод Type-C — Lightning"
"2024.02.03"	-850		"Мои деньги"	"Дом"	""	"Наволочка"
"2024.02.03"	-675		"Мои деньги"	"Одежда"	""	"Зонтик"
"2024.02.03"	-2483		"Мои деньги"	"Красота"	""	"Крем для рук
Пилки для ногтей 
Пенка для лица
Дезодорант"
"2024.02.03"	-769		"Мои деньги"	"Здоровье"	""	"Пробиотик"
"2024.02.02"	-5300		"Мои деньги"	"Здоровье"	""	"Анализы"
"2024.02.02"	-780		"Мои деньги"	"Транспорт"	""	""
"2024.02.01"	-2400		"Мои деньги"	"Здоровье"	""	"Спермограмма"
"2024.02.01"	-962		"Мои деньги"	"Транспорт"	""	""
"2024.01.31"	-780		"Мои деньги"	"Транспорт"	""	""
"2024.01.30"	-780		"Мои деньги"	"Транспорт"	""	""
"2024.01.29"	-780		"Мои деньги"	"Транспорт"	""	""
"2024.01.27"	-1875		"Мои деньги"	"Транспорт"	""	"NS Smart"
"2024.01.27"	-9360		"Мои деньги"	"Одежда"	""	"Рюкзак"
"2024.01.27"	-70		"Мои деньги"	"Транспорт"	""	""
"2024.01.26"	-65		"Мои деньги"	"Транспорт"	""	""
"2024.01.26"	-780		"Мои деньги"	"Транспорт"	""	""
"2024.01.26"	-70		"Мои деньги"	"Транспорт"	""	""
"2024.01.25"	-70		"Мои деньги"	"Транспорт"	""	""
"2024.01.25"	-780		"Мои деньги"	"Транспорт"	""	""
"2024.01.24"	-780		"Мои деньги"	"Транспорт"	""	""
"2024.01.23"	-7050		"Мои деньги"	"Здоровье"	""	"Осмотр уролога с УЗИ"
"2024.01.23"	-65		"Мои деньги"	"Транспорт"	""	""
"2024.01.23"	-780		"Мои деньги"	"Транспорт"	""	""
"2024.01.22"	-845		"Мои деньги"	"Транспорт"	""	""
"2024.01.22"	-60		"Мои деньги"	"Транспорт"	""	""
"2024.01.21"	-4500		"Мои деньги"	"Дом"	""	"Подушка Dormeo"
"2024.01.21"	-9980		"Мои деньги"	"Одежда"	""	"Ботинки и носки Nike"
"2024.01.21"	-70		"Мои деньги"	"Транспорт"	""	""
"2024.01.20"	-2000		"Мои деньги"	"Транспорт"	""	""
"2024.01.20"	-1500		"Мои деньги"	"Красота"	""	"Стрижка"
"2024.01.19"	-780		"Мои деньги"	"Транспорт"	""	""
"2024.01.19"	-70		"Мои деньги"	"Транспорт"	""	""
"2024.01.18"	-70		"Мои деньги"	"Транспорт"	""	""
"2024.01.18"	-780		"Мои деньги"	"Транспорт"	""	""
"2024.01.17"	-65		"Мои деньги"	"Транспорт"	""	""
"2024.01.17"	-780		"Мои деньги"	"Транспорт"	""	""
"2024.01.16"	-770		"Мои деньги"	"Транспорт"	""	""
"2024.01.16"	-373		"Мои деньги"	"Транспорт"	""	""
"2024.01.16"	-65		"Мои деньги"	"Транспорт"	""	""
"2024.01.15"	-920		"Мои деньги"	"Транспорт"	""	"Суммарно за день"
"2024.01.12"	-1280		"Мои деньги"	"Транспорт"	""	"Суммарно за день"
"2024.01.11"	-2200		"Мои деньги"	"Транспорт"	""	"Транспорт Белград на месяц"
"2024.01.11"	-1100		"Мои деньги"	"Транспорт"	""	"Суммарно за день"
"2024.01.10"	-1210		"Мои деньги"	"Транспорт"	""	"Суммарно за день"